,Mode,Affinity,Intramol,CNN_score,CNN_affinity,Distance,ligand,gene
0,1,-6.21,-0.14,0.7606,4.702,2.9329789463956266,4-nitrophenyl-butyrate-ester,AGAP006227
1,2,-5.21,-0.3,0.7059,4.537,3.8846608925361816,4-nitrophenyl-butyrate-ester,AGAP006227
2,3,-4.61,-0.07,0.7028,4.424,10.447384110388592,4-nitrophenyl-butyrate-ester,AGAP006227
3,4,-5.63,-0.28,0.5338,4.75,3.272739448840986,4-nitrophenyl-butyrate-ester,AGAP006227
4,5,-4.91,-0.11,0.4855,4.237,4.5568895367344595,4-nitrophenyl-butyrate-ester,AGAP006227
5,6,-4.96,-0.25,0.4306,4.285,10.111526924752761,4-nitrophenyl-butyrate-ester,AGAP006227
6,7,-5.9,-0.04,0.4038,4.737,6.8595225416934085,4-nitrophenyl-butyrate-ester,AGAP006227
7,8,-5.33,0.02,0.4012,4.434,8.9189691528786,4-nitrophenyl-butyrate-ester,AGAP006227
8,9,-4.99,1.04,0.3962,4.153,6.527657887787932,4-nitrophenyl-butyrate-ester,AGAP006227
0,1,-6.07,-0.25,0.8772,4.971,3.610645129336307,4-nitrophenyl-butyrate-ester,AGAP006228
1,2,-6.21,-0.34,0.8742,5.094,9.008982878216608,4-nitrophenyl-butyrate-ester,AGAP006228
2,3,-6.24,-0.15,0.87,4.957,3.1274779775403694,4-nitrophenyl-butyrate-ester,AGAP006228
3,4,-5.57,-0.28,0.7061,4.523,6.7332501438755425,4-nitrophenyl-butyrate-ester,AGAP006228
4,5,-5.76,-0.17,0.6828,4.591,5.45482149112141,4-nitrophenyl-butyrate-ester,AGAP006228
5,6,-4.98,-0.48,0.679,4.943,9.545032765789754,4-nitrophenyl-butyrate-ester,AGAP006228
6,7,-6.16,-0.21,0.65,4.636,3.790943187387539,4-nitrophenyl-butyrate-ester,AGAP006228
7,8,-5.29,-0.09,0.6261,4.345,3.315077450075639,4-nitrophenyl-butyrate-ester,AGAP006228
8,9,-5.44,-0.26,0.6233,4.434,4.63719791468943,4-nitrophenyl-butyrate-ester,AGAP006228
0,1,-7.09,0.06,0.7873,5.3,7.226536808873251,4-nitrophenyl-butyrate-ester,AGAP006723
1,2,-5.54,-0.37,0.7682,5.171,4.27225575662319,4-nitrophenyl-butyrate-ester,AGAP006723
2,3,-6.18,-0.29,0.7154,5.058,6.240657357202044,4-nitrophenyl-butyrate-ester,AGAP006723
3,4,-7.0,0.14,0.7017,5.038,7.2446078223738235,4-nitrophenyl-butyrate-ester,AGAP006723
4,5,-6.99,0.15,0.6892,5.026,7.286985573609982,4-nitrophenyl-butyrate-ester,AGAP006723
5,6,-5.55,-0.15,0.6527,4.968,3.1459941592444194,4-nitrophenyl-butyrate-ester,AGAP006723
6,7,-4.53,-0.21,0.6413,4.985,8.388369343918995,4-nitrophenyl-butyrate-ester,AGAP006723
7,8,-5.23,-0.13,0.5955,4.965,3.4819670805451337,4-nitrophenyl-butyrate-ester,AGAP006723
8,9,-6.68,-0.19,0.585,4.873,3.7719261989068658,4-nitrophenyl-butyrate-ester,AGAP006723
0,1,-6.34,0.18,0.9395,5.0,6.922101487265266,4-nitrophenyl-butyrate-ester,AGAP006724
1,2,-6.21,-0.4,0.8507,4.897,7.117138505045408,4-nitrophenyl-butyrate-ester,AGAP006724
2,3,-6.16,-0.41,0.8439,4.884,7.176853924248424,4-nitrophenyl-butyrate-ester,AGAP006724
3,4,-5.5,-0.31,0.8412,4.881,4.418823768832607,4-nitrophenyl-butyrate-ester,AGAP006724
4,5,-6.1,-0.37,0.8047,4.85,6.358301817309399,4-nitrophenyl-butyrate-ester,AGAP006724
5,6,-6.29,0.2,0.7916,4.838,6.517173562979583,4-nitrophenyl-butyrate-ester,AGAP006724
6,7,-5.31,-0.25,0.7824,4.825,3.044537608570471,4-nitrophenyl-butyrate-ester,AGAP006724
7,8,-5.48,-0.24,0.7789,4.615,3.090028317022353,4-nitrophenyl-butyrate-ester,AGAP006724
8,9,-5.22,-0.12,0.7453,4.708,5.904029492643138,4-nitrophenyl-butyrate-ester,AGAP006724
0,1,-6.41,0.06,0.8703,5.168,4.302557669572831,4-nitrophenyl-butyrate-ester,AGAP006725
1,2,-6.27,0.08,0.8007,5.255,3.8230638890816353,4-nitrophenyl-butyrate-ester,AGAP006725
2,3,-6.59,-0.28,0.7819,5.181,8.392402322934714,4-nitrophenyl-butyrate-ester,AGAP006725
3,4,-0.74,-0.19,0.7215,4.893,2.9449781408356834,4-nitrophenyl-butyrate-ester,AGAP006725
4,5,-6.29,-0.04,0.7162,5.006,4.211713249973222,4-nitrophenyl-butyrate-ester,AGAP006725
5,6,-6.3,0.29,0.6485,4.634,5.5585980471698075,4-nitrophenyl-butyrate-ester,AGAP006725
6,7,-4.59,-0.25,0.6125,4.876,4.141612819904824,4-nitrophenyl-butyrate-ester,AGAP006725
7,8,-5.66,-0.35,0.6068,4.327,8.17093362168608,4-nitrophenyl-butyrate-ester,AGAP006725
8,9,-6.38,0.91,0.5951,4.859,5.572766660286432,4-nitrophenyl-butyrate-ester,AGAP006725
0,1,-6.42,-0.36,0.8455,5.066,3.0366740029183243,4-nitrophenyl-butyrate-ester,AGAP006726
1,2,-6.39,-0.28,0.8199,4.981,3.0945811913730745,4-nitrophenyl-butyrate-ester,AGAP006726
2,3,-6.3,-0.28,0.7939,5.078,3.568940353942609,4-nitrophenyl-butyrate-ester,AGAP006726
3,4,-4.98,-0.45,0.71,4.726,4.022111820921939,4-nitrophenyl-butyrate-ester,AGAP006726
4,5,-4.59,0.11,0.6574,4.564,3.308984965212142,4-nitrophenyl-butyrate-ester,AGAP006726
5,6,-5.3,-0.16,0.6568,4.62,6.633132970173294,4-nitrophenyl-butyrate-ester,AGAP006726
6,7,-6.32,-0.39,0.6543,4.806,4.926816847620785,4-nitrophenyl-butyrate-ester,AGAP006726
7,8,-4.96,0.36,0.6482,4.836,3.873116477721784,4-nitrophenyl-butyrate-ester,AGAP006726
8,9,-5.71,-0.26,0.5338,4.683,4.113357995604078,4-nitrophenyl-butyrate-ester,AGAP006726
0,1,-5.27,-0.21,0.858,5.137,6.392308072988973,4-nitrophenyl-butyrate-ester,AGAP006727
1,2,-5.64,-0.3,0.8499,4.997,3.2005033197920603,4-nitrophenyl-butyrate-ester,AGAP006727
2,3,-5.59,-0.11,0.8328,5.143,3.121012896480884,4-nitrophenyl-butyrate-ester,AGAP006727
3,4,-6.12,0.39,0.8322,5.109,6.910643493915744,4-nitrophenyl-butyrate-ester,AGAP006727
4,5,-5.64,-0.28,0.8262,5.089,3.1954958144237953,4-nitrophenyl-butyrate-ester,AGAP006727
5,6,-4.79,-0.32,0.7964,4.997,3.894028794192461,4-nitrophenyl-butyrate-ester,AGAP006727
6,7,14.22,-0.05,0.7821,4.883,2.7614741534187854,4-nitrophenyl-butyrate-ester,AGAP006727
7,8,-5.08,-0.43,0.7086,4.98,7.348637986048843,4-nitrophenyl-butyrate-ester,AGAP006727
8,9,-5.12,-0.24,0.707,4.978,3.7149745961446357,4-nitrophenyl-butyrate-ester,AGAP006727
0,1,-7.89,0.01,0.4886,6.362,9.623387696128637,deltamethrin,AGAP006227
1,2,-6.76,-0.1,0.4825,6.618,7.958561820454748,deltamethrin,AGAP006227
2,3,-6.87,0.67,0.4758,6.65,7.423433538464529,deltamethrin,AGAP006227
3,4,-7.69,-0.26,0.4312,6.512,7.688040793986463,deltamethrin,AGAP006227
4,5,-6.47,-0.36,0.4025,6.705,6.564185650177789,deltamethrin,AGAP006227
5,6,-6.59,-0.06,0.3991,6.48,7.494464457184383,deltamethrin,AGAP006227
6,7,-7.16,0.2,0.3049,6.246,6.808237088263012,deltamethrin,AGAP006227
7,8,-7.36,0.04,0.2979,5.801,9.765706848457004,deltamethrin,AGAP006227
8,9,-7.15,0.25,0.2777,6.184,6.641194433232625,deltamethrin,AGAP006227
0,1,-8.29,2.76,0.8305,7.242,3.914023792722779,deltamethrin,AGAP006228
1,2,-7.92,1.46,0.7498,7.177,4.1157664231586315,deltamethrin,AGAP006228
2,3,-8.46,0.85,0.7312,7.362,3.4527378267108544,deltamethrin,AGAP006228
3,4,-8.76,-0.78,0.7245,6.989,6.013583790053981,deltamethrin,AGAP006228
4,5,-9.0,-0.9,0.6862,6.961,6.6569405510339354,deltamethrin,AGAP006228
5,6,-8.12,0.48,0.6803,7.104,5.92647114647494,deltamethrin,AGAP006228
6,7,-8.71,-0.02,0.6278,6.918,5.712818087424104,deltamethrin,AGAP006228
7,8,-7.49,0.51,0.5961,6.87,5.90585393910144,deltamethrin,AGAP006228
8,9,-7.36,-0.37,0.5763,6.927,4.788304553806076,deltamethrin,AGAP006228
0,1,-7.35,0.91,0.4667,7.006,4.318940726613413,deltamethrin,AGAP006723
1,2,-8.0,-0.05,0.4645,6.988,3.1590673069752726,deltamethrin,AGAP006723
2,3,-6.92,0.32,0.4345,6.132,7.174276061039191,deltamethrin,AGAP006723
3,4,-5.56,1.82,0.4258,6.749,5.106347251215882,deltamethrin,AGAP006723
4,5,-6.0,1.22,0.4217,6.771,4.889494375699803,deltamethrin,AGAP006723
5,6,-5.16,2.01,0.409,6.803,5.116773543943489,deltamethrin,AGAP006723
6,7,-8.18,-0.1,0.4086,6.78,4.110952109913225,deltamethrin,AGAP006723
7,8,-7.75,0.69,0.408,6.952,3.1023722374982663,deltamethrin,AGAP006723
8,9,-7.41,0.03,0.4057,6.79,4.796899128603812,deltamethrin,AGAP006723
0,1,-8.92,-0.39,0.8698,6.95,7.30260833538264,deltamethrin,AGAP006724
1,2,-8.61,0.27,0.7838,7.005,4.7607063814102215,deltamethrin,AGAP006724
2,3,-8.89,0.83,0.7768,6.831,7.075699435391529,deltamethrin,AGAP006724
3,4,-8.02,0.3,0.7548,6.948,8.256379745384777,deltamethrin,AGAP006724
4,5,-7.95,1.9,0.7505,7.0,6.51996219314192,deltamethrin,AGAP006724
5,6,-8.75,0.12,0.746,6.855,7.59373272837542,deltamethrin,AGAP006724
6,7,-8.55,0.56,0.7152,6.968,6.701876043318022,deltamethrin,AGAP006724
7,8,-7.79,1.24,0.7094,6.855,6.314831648587316,deltamethrin,AGAP006724
8,9,-8.87,0.15,0.7047,6.823,6.598974787798481,deltamethrin,AGAP006724
0,1,-7.06,0.3,0.7621,7.57,3.8024466136949244,deltamethrin,AGAP006725
1,2,-3.33,0.85,0.6768,7.547,4.8544950561309665,deltamethrin,AGAP006725
2,3,-5.24,1.84,0.672,7.415,2.9917522457583274,deltamethrin,AGAP006725
3,4,-7.21,0.62,0.6695,7.134,11.044038142817143,deltamethrin,AGAP006725
4,5,-6.96,0.08,0.6661,7.445,3.7335221976037585,deltamethrin,AGAP006725
5,6,-6.96,0.19,0.6196,7.526,3.695311116807351,deltamethrin,AGAP006725
6,7,-7.27,-0.01,0.5992,6.97,10.200398595153034,deltamethrin,AGAP006725
7,8,-4.37,1.59,0.5961,7.356,2.5910785881559053,deltamethrin,AGAP006725
8,9,-2.18,-0.19,0.5915,7.09,5.701859302017194,deltamethrin,AGAP006725
0,1,-7.32,7.37,0.6699,7.119,6.129577901454551,deltamethrin,AGAP006726
1,2,-8.0,-0.04,0.6675,7.243,3.4062198255544223,deltamethrin,AGAP006726
2,3,-8.16,0.24,0.6454,7.338,3.339427795296673,deltamethrin,AGAP006726
3,4,-7.46,-0.31,0.6372,6.969,6.491291031066162,deltamethrin,AGAP006726
4,5,-6.67,0.17,0.6331,7.013,6.159951582601928,deltamethrin,AGAP006726
5,6,-7.64,-0.22,0.6277,6.833,3.5306538346317664,deltamethrin,AGAP006726
6,7,-6.67,5.1,0.6176,7.015,8.386090552217999,deltamethrin,AGAP006726
7,8,-7.79,-0.08,0.6151,6.933,5.4090883936205,deltamethrin,AGAP006726
8,9,-8.21,0.25,0.6095,6.968,6.452097197810956,deltamethrin,AGAP006726
0,1,-7.29,3.43,0.6373,7.299,4.128317151091957,deltamethrin,AGAP006727
1,2,-6.8,-0.39,0.6191,7.161,6.017644763526673,deltamethrin,AGAP006727
2,3,-6.87,0.01,0.6042,7.289,4.911310975696814,deltamethrin,AGAP006727
3,4,-7.57,0.23,0.6019,7.134,5.631621214179804,deltamethrin,AGAP006727
4,5,-5.65,1.71,0.5618,7.092,5.162768758137441,deltamethrin,AGAP006727
5,6,-5.1,0.57,0.5356,7.01,3.9600335857161615,deltamethrin,AGAP006727
6,7,12.38,0.93,0.51,6.387,4.5950420563907795,deltamethrin,AGAP006727
7,8,-5.17,3.27,0.5072,6.924,4.461244837486506,deltamethrin,AGAP006727
8,9,-3.03,1.3,0.5051,7.016,6.62881039478427,deltamethrin,AGAP006727
