Chrom	Pos	Ref	Alt	n_Ref_cluster_1	n_Alt_cluster_1	n_Ref_non_cluster	n_Alt_non_cluster
2R	28462863	G	T	0	251	9	2
2R	28463104	G	A	0	251	2	9
2R	28463231	T	C	249	2	9	2
2R	28463436	G	T	0	251	0	11
2R	28463438	T	C	0	251	0	11
2R	28463468	T	C	0	251	9	2
2R	28463485	C	A	0	251	1	10
2R	28463701	T	C	0	251	9	2
2R	28463745	C	G	0	251	7	4
2R	28463799	C	T	1	250	0	11
2R	28463927	C	G	0	251	9	2
2R	28463937	C	A	0	251	6	5
2R	28464466	C	T	0	251	6	5
2R	28464491	T	C	0	251	0	11
2R	28464745	C	T	0	251	4	7
2R	28464812	A	C	0	251	0	11
2R	28464833	A	G	0	251	0	11
2R	28464947	C	G	0	251	0	11
2R	28464969	G	A	0	251	3	8
2R	28465066	C	A	250	1	11	0
2R	28465081	C	A	0	251	3	8
2R	28465103	C	T	0	251	0	11
2R	28465504	A	G	0	251	0	11
2R	28465556	G	A	0	251	9	2
2R	28465685	C	T	0	251	9	2
2R	28465743	T	C	0	251	0	11
2R	28465767	A	C	0	251	1	10
2R	28465789	G	A	0	251	9	2
2R	28465819	A	T	0	251	0	11
2R	28466130	T	C	0	251	2	9
2R	28466138	G	A	0	251	3	8
2R	28466203	T	C	0	251	1	10
2R	28466321	C	A	0	251	0	11
2R	28466330	G	T	0	251	0	11
2R	28466610	A	G	0	251	3	8
2R	28466651	G	A	0	251	0	11
2R	28466909	G	A	0	251	4	7
2R	28466915	A	G	0	251	0	11
2R	28467020	C	T	0	251	2	9
2R	28467171	C	T	0	251	0	11
2R	28467547	C	T	0	251	8	3
2R	28467693	C	G	0	251	7	4
2R	28467703	T	C	0	251	5	6
2R	28467707	C	T	3	248	5	6
2R	28467714	A	G	0	251	5	6
2R	28467971	A	G	0	251	0	11
2R	28468047	A	G	0	251	0	11
2R	28468191	A	T	0	251	1	10
2R	28468779	T	G	0	251	0	11
2R	28468840	A	C	0	251	0	11
2R	28469015	A	G	0	251	6	5
2R	28469024	C	T	0	251	8	3
2R	28469055	T	C	0	251	0	11
2R	28469340	C	T	0	251	6	5
2R	28469824	T	G	0	251	7	4
2R	28469932	A	T	0	251	0	11
2R	28469953	T	A	0	251	1	10
2R	28469960	G	A	0	251	1	10
2R	28470423	C	T	0	251	3	8
2R	28470524	A	T	0	251	0	11
2R	28470547	T	A	0	251	4	7
2R	28471108	C	T	0	251	0	11
2R	28471117	A	G	0	251	1	10
2R	28471210	G	T	1	250	1	10
2R	28471265	C	T	0	251	0	11
2R	28471685	G	A	0	251	4	7
2R	28471869	A	T	0	251	9	2
2R	28471910	T	C	0	251	9	2
2R	28471925	C	T	0	251	9	2
2R	28472307	T	G	248	3	11	0
2R	28472662	T	C	0	251	3	8
2R	28472951	T	C	0	251	0	11
2R	28472980	T	G	250	1	11	0
2R	28473027	C	A	0	251	0	11
2R	28473048	C	T	0	251	0	11
2R	28473088	C	G	0	251	0	11
2R	28473416	C	T	0	251	9	2
2R	28473865	G	T	0	251	9	2
2R	28474055	G	A	0	251	9	2
2R	28474393	C	T	0	251	8	3
2R	28474449	A	C	0	251	8	3
2R	28474627	G	A	0	251	3	8
2R	28474633	G	A	0	251	3	8
2R	28475176	T	C	0	251	0	11
2R	28475183	G	T	0	251	9	2
2R	28475445	G	T	0	251	9	2
2R	28475554	A	G	0	251	0	11
2R	28475764	C	A	0	251	7	4
2R	28475823	C	T	0	251	1	10
2R	28475918	A	G	0	251	0	11
2R	28476019	G	A	0	251	0	11
2R	28476061	C	T	0	251	8	3
2R	28476063	A	G	0	251	8	3
2R	28476064	G	A	0	251	8	3
2R	28476078	G	A	0	251	8	3
2R	28476109	G	T	0	251	0	11
2R	28476305	G	A	0	251	9	2
2R	28476372	G	A	0	251	1	10
2R	28476409	C	G	0	251	5	6
2R	28476434	G	A	0	251	9	2
2R	28476637	C	T	0	251	9	2
2R	28476709	A	C	0	251	0	11
2R	28476713	T	C	0	251	0	11
2R	28476869	A	T	0	251	6	5
2R	28478021	T	C	0	251	8	3
2R	28478258	C	A	0	251	1	10
2R	28478514	G	A	0	251	6	5
2R	28478630	T	G	0	251	0	11
2R	28478803	C	T	0	251	0	11
2R	28478860	A	G	0	251	0	11
2R	28479229	C	T	0	251	7	4
2R	28479407	T	A	0	251	0	11
2R	28479418	G	A	0	251	0	11
2R	28479419	G	A	0	251	0	11
2R	28479490	T	G	0	251	0	11
2R	28479509	A	T	0	251	0	11
2R	28479554	G	A	0	251	0	11
2R	28479889	C	T	0	251	3	8
2R	28479937	T	G	0	251	8	3
2R	28480009	T	C	0	251	1	10
2R	28480041	C	T	0	251	1	10
2R	28480118	T	A	0	251	0	11
2R	28480124	T	G	0	251	0	11
2R	28480137	C	A	247	4	10	1
2R	28480265	A	T	0	251	2	9
2R	28480408	G	C	0	251	0	11
2R	28480414	G	A	0	251	2	9
2R	28480446	A	G	0	251	2	9
2R	28480476	A	G	0	251	0	11
2R	28480491	A	T	0	251	1	10
2R	28480513	A	G	0	251	0	11
2R	28480717	C	T	0	251	0	11
2R	28480842	A	G	0	251	0	11
2R	28480851	G	C	0	251	0	11
2R	28481271	C	T	0	251	0	11
2R	28481274	G	A	0	251	0	11
2R	28481396	G	A	0	251	0	11
2R	28481641	G	A	0	251	1	10
2R	28481852	C	T	0	251	6	5
2R	28482436	T	C	0	251	0	11
2R	28482507	G	T	0	251	0	11
2R	28482531	C	G	0	251	0	11
2R	28482593	G	C	0	251	0	11
2R	28482625	A	T	0	251	0	11
2R	28482940	G	C	0	251	5	6
2R	28482990	T	C	0	251	0	11
2R	28483028	C	G	0	251	5	6
2R	28483037	G	C	0	251	1	10
2R	28483172	A	T	0	251	0	11
2R	28483267	A	T	0	251	5	6
2R	28483288	T	C	0	251	5	6
2R	28484065	A	G	0	251	6	5
2R	28484367	G	A	0	251	9	2
2R	28484692	C	T	0	251	9	2
2R	28484961	A	G	0	251	9	2
2R	28485118	G	T	0	251	1	10
2R	28485156	G	A	0	251	1	10
2R	28485197	A	G	0	251	5	6
2R	28485453	T	G	0	251	0	11
2R	28485653	G	C	0	251	9	2
2R	28485693	A	T	0	251	9	2
2R	28485729	C	T	0	251	4	7
2R	28485771	G	A	0	251	1	10
2R	28485778	A	T	0	251	1	10
2R	28485779	G	A	0	251	1	10
2R	28485804	T	C	0	251	1	10
2R	28486089	T	C	0	251	9	2
2R	28486119	A	C	0	251	0	11
2R	28486130	C	T	1	250	0	11
2R	28486836	G	A	0	251	5	6
2R	28486959	T	C	0	251	6	5
2R	28487033	G	T	0	251	0	11
2R	28487107	G	C	0	251	1	10
2R	28487194	G	T	0	251	9	2
2R	28487704	G	A	0	251	6	5
2R	28487995	T	C	0	251	0	11
2R	28488080	T	C	0	251	4	7
2R	28488083	G	A	0	251	4	7
2R	28488171	C	G	0	251	5	6
2R	28488178	A	T	0	251	5	6
2R	28488184	C	T	0	251	5	6
2R	28488208	C	T	0	251	5	6
2R	28488238	C	A	0	251	5	6
2R	28488388	A	T	0	251	9	2
2R	28488553	A	G	0	251	0	11
2R	28488615	C	T	0	251	0	11
2R	28488642	T	C	0	251	0	11
2R	28488799	C	A	0	251	9	2
2R	28489484	A	T	0	251	5	6
2R	28489506	T	A	0	251	5	6
2R	28489700	G	T	0	251	6	5
2R	28490040	G	C	0	251	5	6
2R	28490050	G	A	0	251	5	6
2R	28490363	A	T	0	251	0	11
2R	28490436	C	T	0	251	0	11
2R	28490514	C	T	0	251	1	10
2R	28490625	G	A	0	251	0	11
2R	28490628	G	A	0	251	0	11
2R	28490783	C	T	0	251	0	11
2R	28490875	A	T	0	251	0	11
2R	28490892	G	A	0	251	0	11
2R	28490930	T	C	0	251	0	11
2R	28490979	A	G	0	251	0	11
2R	28490984	A	T	0	251	0	11
2R	28491191	C	T	0	251	4	7
2R	28491976	A	T	0	251	0	11
2R	28492182	G	A	0	251	4	7
2R	28492398	T	C	0	251	3	8
2R	28492683	T	G	0	251	0	11
2R	28492802	T	G	0	251	10	1
2R	28492803	T	A	0	251	10	1
2R	28492971	G	A	0	251	9	2
2R	28493506	C	G	0	251	2	9
2R	28493557	A	G	0	251	10	1
2R	28493563	G	A	0	251	0	11
2R	28493927	A	C	0	251	0	11
2R	28494041	G	A	0	251	0	11
2R	28494353	T	G	0	251	5	6
2R	28494360	C	T	0	251	5	6
2R	28494440	A	T	0	251	7	4
2R	28494731	G	A	0	251	5	6
2R	28494859	T	C	0	251	10	1
2R	28494962	G	C	0	251	0	11
2R	28494989	T	G	0	251	0	11
2R	28495031	G	A	0	251	0	11
2R	28495271	G	C	0	251	7	4
2R	28495289	C	T	0	251	7	4
2R	28495851	T	C	0	251	0	11
2R	28495880	A	G	0	251	0	11
2R	28495930	A	G	0	251	4	7
2R	28495967	G	T	0	251	4	7
2R	28495968	G	A	0	251	4	7
2R	28495994	C	T	0	251	9	2
2R	28496059	T	G	0	251	4	7
2R	28496223	G	A	0	251	9	2
2R	28496508	C	T	0	251	0	11
2R	28496530	A	C	0	251	1	10
2R	28496677	C	T	0	251	1	10
2R	28496749	A	G	0	251	1	10
2R	28496774	C	T	0	251	0	11
2R	28496855	T	G	0	251	1	10
2R	28496872	T	G	0	251	1	10
2R	28496899	C	T	0	251	1	10
2R	28497028	A	G	0	251	1	10
2R	28497049	T	C	0	251	0	11
2R	28497402	G	A	0	251	2	9
2R	28497497	G	A	0	251	0	11
2R	28497539	C	A	0	251	0	11
2R	28497952	G	T	0	251	7	4
2R	28498027	G	A	0	251	9	2
2R	28498090	A	G	0	251	0	11
2R	28498420	C	T	2	249	0	11
2R	28498459	T	C	0	251	0	11
2R	28498744	A	G	0	251	2	9
2R	28498775	T	C	250	1	11	0
2R	28499102	C	T	1	250	9	2
2R	28499200	C	T	0	251	0	11
2R	28499380	A	C	1	250	2	9
2R	28499413	A	G	250	1	9	2
2R	28499719	A	C	250	1	9	2
2R	28499732	A	C	0	251	0	11
2R	28499733	A	G	250	1	3	8
2R	28499826	T	C	250	1	10	1
2R	28499945	G	C	250	1	5	6
2R	28500221	G	A	1	250	9	2
2R	28500227	C	T	1	250	9	2
2R	28500557	G	A	1	250	9	2
2R	28500758	G	A	0	251	0	11
2R	28500809	A	G	0	251	0	11
2R	28500939	G	A	0	251	1	10
