Chrom	Pos	Ref	Alt	n_Ref_cluster_1	n_Alt_cluster_1	n_Ref_cluster_2	n_Alt_cluster_2	n_Ref_cluster_3	n_Alt_cluster_3	n_Ref_non_cluster	n_Alt_non_cluster
3R	46657310	T	C	0	49	26	0	22	0	196	9
3R	46657316	T	C	0	49	26	0	22	0	196	9
3R	46657329	C	G	0	49	26	0	22	0	196	9
3R	46657505	T	A	0	49	0	26	0	22	0	205
3R	46657913	A	G	0	49	26	0	22	0	204	1
3R	46658216	T	C	0	49	0	26	0	22	0	205
3R	46658276	C	A	49	0	26	0	18	4	204	1
3R	46658338	T	A	0	49	0	26	0	22	8	197
3R	46658489	G	A	48	1	0	26	0	22	63	142
3R	46658846	C	A	0	49	0	26	22	0	106	99
3R	46658870	G	C	49	0	0	26	0	22	10	195
3R	46658877	G	A	0	49	26	0	22	0	198	7
3R	46658937	A	C	49	0	0	26	22	0	115	90
3R	46658958	C	T	0	49	26	0	22	0	198	7
3R	46659093	C	T	49	0	0	26	0	22	7	198
3R	46659238	A	T	0	49	26	0	22	0	161	44
3R	46659507	G	A	49	0	26	0	0	22	204	1
3R	46659711	T	G	49	0	4	22	22	0	202	3
3R	46660490	T	G	0	49	0	26	0	22	0	205
3R	46660494	A	G	0	49	0	26	0	22	15	190
3R	46660663	A	T	0	49	0	26	0	22	15	190
3R	46660681	C	A	0	49	0	26	0	22	15	190
3R	46660880	T	A	0	49	0	26	0	22	4	201
3R	46660934	C	T	0	49	0	26	0	22	2	203
3R	46660946	G	A	49	0	0	26	22	0	194	11
3R	46661052	G	A	0	49	26	0	22	0	198	7
3R	46661054	T	A	0	49	0	26	0	22	0	205
3R	46661055	T	A	0	49	0	26	0	22	0	205
3R	46661098	A	T	0	49	26	0	22	0	198	7
3R	46661125	T	A	0	49	26	0	22	0	198	7
3R	46661127	A	T	0	49	26	0	22	0	198	7
3R	46661209	C	A	0	49	0	26	0	22	54	151
3R	46661214	A	T	0	49	0	26	0	22	53	152
3R	46661218	A	C	0	49	0	26	0	22	53	152
3R	46661367	T	A	48	1	26	0	22	0	190	15
3R	46661828	T	C	0	49	0	26	0	22	141	64
3R	46661829	G	T	0	49	0	26	0	22	145	60
3R	46661856	A	C	0	49	26	0	22	0	157	48
3R	46662058	C	A	0	49	0	26	0	22	20	185
3R	46662179	C	T	49	0	26	0	19	3	205	0
3R	46662582	C	T	0	49	26	0	22	0	204	1
3R	46662745	G	A	0	49	26	0	22	0	204	1
3R	46662880	A	C	49	0	1	25	0	22	148	57
3R	46663164	C	T	49	0	26	0	1	21	121	84
3R	46663225	C	A	19	30	0	26	21	1	100	105
3R	46663236	G	A	48	1	26	0	22	0	187	18
3R	46663250	A	T	46	3	26	0	22	0	195	10
3R	46663252	A	G	47	2	26	0	1	21	205	0
3R	46663292	T	C	48	1	26	0	22	0	204	1
3R	46663351	G	C	48	1	26	0	22	0	187	18
3R	46663497	C	G	49	0	26	0	14	8	205	0
3R	46663553	A	C	49	0	0	26	0	22	112	93
3R	46666542	A	G	49	0	0	26	0	22	88	117
3R	46666594	T	C	0	49	26	0	22	0	117	88
3R	46667240	C	T	48	1	26	0	22	0	205	0
3R	46668316	G	T	49	0	26	0	21	1	200	5
3R	46669044	T	G	0	49	26	0	22	0	202	3
3R	46669250	C	T	49	0	26	0	0	22	190	15
3R	46669477	G	T	49	0	26	0	0	22	190	15
3R	46670866	G	A	49	0	26	0	0	22	113	92
3R	46670891	G	A	0	49	26	0	0	22	106	99
3R	46670905	T	A	0	49	26	0	0	22	106	99
3R	46670907	C	G	0	49	26	0	0	22	106	99
3R	46670919	T	G	49	0	0	26	22	0	100	105
3R	46671005	T	A	49	0	15	11	22	0	204	1
3R	46671012	T	A	0	49	26	0	22	0	198	7
3R	46671049	G	T	49	0	1	25	22	0	101	104
3R	46671246	G	A	0	49	0	26	0	22	0	205
3R	46671250	G	T	49	0	25	1	22	0	205	0
3R	46672107	T	C	0	49	26	0	22	0	198	7
3R	46672196	T	G	0	49	0	26	0	22	0	205
3R	46672361	C	G	0	49	26	0	22	0	198	7
3R	46674168	T	A	0	49	26	0	22	0	198	7
3R	46674228	C	A	0	49	26	0	22	0	197	8
3R	46674242	A	T	0	49	26	0	22	0	198	7
3R	46674599	G	A	0	49	26	0	22	0	197	8
3R	46674704	T	A	0	49	26	0	0	22	104	101
3R	46674718	C	T	0	49	26	0	0	22	99	106
3R	46674732	A	C	0	49	26	0	0	22	99	106
3R	46674735	G	A	0	49	0	26	0	22	0	205
3R	46674975	A	G	0	49	26	0	22	0	196	9
3R	46675150	G	A	49	0	0	26	22	0	132	73
3R	46675226	C	T	0	49	26	0	22	0	170	35
3R	46675323	T	A	0	49	0	26	22	0	125	80
3R	46675371	C	T	49	0	26	0	21	1	205	0
3R	46675437	T	A	0	49	0	26	0	22	29	176
3R	46675466	G	A	0	49	0	26	0	22	0	205
3R	46675472	G	A	0	49	0	26	0	22	0	205
3R	46675573	A	T	49	0	0	26	0	22	36	169
3R	46675667	C	T	0	49	26	0	22	0	181	24
3R	46675705	C	T	0	49	26	0	22	0	197	8
3R	46675885	C	T	24	25	26	0	22	0	205	0
3R	46675954	C	T	49	0	0	26	22	0	152	53
3R	46676080	T	C	0	49	0	26	0	22	0	205
3R	46676099	C	A	49	0	26	0	17	5	205	0
3R	46676447	G	T	49	0	1	25	22	0	205	0
3R	46676611	G	T	0	49	0	26	22	0	93	112
3R	46676734	A	G	49	0	0	26	0	22	157	48
3R	46676957	A	G	0	49	26	0	22	0	198	7
3R	46676968	C	T	0	49	26	0	22	0	198	7
3R	46676981	G	T	0	49	26	0	22	0	204	1
3R	46676982	T	C	0	49	26	0	22	0	198	7
3R	46676995	G	A	49	0	26	0	13	9	205	0
3R	46677195	G	A	49	0	0	26	22	0	172	33
3R	46677247	A	G	49	0	13	13	22	0	205	0
3R	46677292	G	C	49	0	0	26	0	22	13	192
3R	46677296	C	G	49	0	0	26	0	22	13	192
3R	46677336	C	T	0	49	26	0	22	0	201	4
3R	46677342	C	T	49	0	0	26	0	22	12	193
3R	46677366	C	T	0	49	26	0	22	0	192	13
3R	46677413	C	T	49	0	26	0	0	22	200	5
3R	46678016	G	A	0	49	26	0	22	0	205	0
3R	46678033	C	A	49	0	25	1	22	0	205	0
3R	46678132	G	A	43	6	26	0	22	0	205	0
3R	46678167	G	A	0	49	0	26	0	22	0	205
3R	46678222	T	A	0	49	26	0	22	0	204	1
3R	46678290	A	G	49	0	26	0	21	1	205	0
3R	46678301	T	C	25	24	26	0	22	0	205	0
3R	46678435	T	C	49	0	0	26	0	22	20	185
3R	46678512	T	C	49	0	0	26	0	22	22	183
3R	46678570	C	T	49	0	0	26	22	0	25	180
3R	46678617	C	A	0	49	26	0	22	0	185	20
3R	46678623	T	A	0	49	26	0	22	0	185	20
3R	46678724	A	G	0	49	26	0	22	0	202	3
3R	46678726	C	T	0	49	26	0	22	0	202	3
3R	46678902	T	C	0	49	0	26	0	22	9	196
3R	46678935	C	T	0	49	0	26	22	0	187	18
3R	46679067	C	T	0	49	26	0	22	0	205	0
3R	46679075	T	C	0	49	26	0	22	0	205	0
3R	46679334	T	C	49	0	26	0	17	5	205	0
3R	46679561	A	G	49	0	0	26	0	22	4	201
3R	46679585	T	A	49	0	0	26	0	22	32	173
3R	46679596	A	T	49	0	26	0	1	21	202	3
3R	46679665	G	T	0	49	26	0	22	0	173	32
3R	46679669	T	A	0	49	26	0	22	0	173	32
3R	46679694	T	C	49	0	0	26	0	22	34	171
3R	46679751	A	G	49	0	26	0	21	1	185	20
3R	46679836	T	A	0	49	0	26	0	22	20	185
3R	46680326	A	G	0	49	0	26	0	22	2	203
3R	46680664	G	T	49	0	26	0	13	9	205	0
3R	46680749	A	T	49	0	26	0	0	22	202	3
3R	46680769	C	T	0	49	0	26	0	22	8	197
3R	46680831	T	G	0	49	0	26	0	22	0	205
3R	46681038	G	A	48	1	26	0	22	0	184	21
3R	46681392	T	C	0	49	26	0	0	22	69	136
3R	46681581	G	C	49	0	0	26	22	0	117	88
3R	46681674	G	A	49	0	26	0	0	22	113	92
3R	46681715	A	G	0	49	26	0	22	0	205	0
3R	46681810	G	A	0	49	0	26	22	0	120	85
3R	46681838	T	C	49	0	0	26	22	0	118	87
3R	46681839	T	A	49	0	26	0	0	22	109	96
3R	46681861	T	G	0	49	26	0	0	22	89	116
3R	46681934	G	T	0	49	26	0	0	22	88	117
3R	46681942	C	T	0	49	0	26	0	22	0	205
3R	46682054	T	A	49	0	0	26	22	0	113	92
3R	46682066	T	A	49	0	0	26	22	0	116	89
3R	46682158	A	T	49	0	26	0	16	6	205	0
3R	46682461	G	C	49	0	9	17	22	0	130	75
3R	46682471	C	T	49	0	9	17	22	0	127	78
3R	46682483	C	T	49	0	26	0	4	18	179	26
3R	46683362	G	C	0	49	26	0	0	22	90	115
3R	46683393	G	T	49	0	0	26	21	1	118	87
3R	46683463	G	C	49	0	0	26	22	0	111	94
3R	46683479	T	A	49	0	0	26	22	0	111	94
3R	46683495	C	A	49	0	26	0	19	3	205	0
3R	46684084	G	A	49	0	0	26	22	0	111	94
3R	46684107	C	T	0	49	0	26	0	22	0	205
3R	46684222	G	A	49	0	26	0	21	1	205	0
3R	46684223	A	G	49	0	26	0	21	1	205	0
3R	46684319	G	T	49	0	0	26	22	0	113	92
3R	46684776	T	G	49	0	0	26	22	0	179	26
3R	46684792	T	A	0	49	26	0	0	22	94	111
3R	46684843	T	C	49	0	0	26	22	0	94	111
3R	46685251	C	T	0	49	25	1	22	0	193	12
3R	46685277	T	C	0	49	26	0	0	22	62	143
3R	46685283	G	C	0	49	25	1	22	0	193	12
3R	46685293	A	T	0	49	0	26	0	22	0	205
3R	46685373	T	G	0	49	25	1	22	0	205	0
3R	46685374	T	A	49	0	26	0	0	22	137	68
3R	46685377	A	G	49	0	0	26	22	0	143	62
3R	46685378	A	C	49	0	0	26	22	0	143	62
3R	46685461	A	T	0	49	0	26	0	22	0	205
3R	46685521	A	T	49	0	0	26	0	22	58	147
3R	46685528	G	A	0	49	26	0	22	0	146	59
3R	46685589	G	T	0	49	26	0	22	0	146	59
3R	46685609	T	C	0	49	0	26	0	22	46	159
3R	46685642	A	C	0	49	26	0	22	0	205	0
3R	46685729	A	C	0	49	26	0	22	0	205	0
3R	46685771	G	A	0	49	26	0	19	3	146	59
3R	46685779	T	G	49	0	0	26	22	0	181	24
3R	46685908	A	G	49	0	0	26	22	0	181	24
3R	46685958	T	G	49	0	0	26	22	0	143	62
3R	46685959	A	T	49	0	0	26	22	0	143	62
3R	46685970	A	T	49	0	0	26	22	0	143	62
3R	46686053	A	C	0	49	0	26	0	22	0	205
3R	46686130	C	T	0	49	26	0	22	0	204	1
3R	46686216	C	T	49	0	0	26	22	0	181	24
3R	46686265	C	T	49	0	26	0	0	22	205	0
3R	46686289	A	G	0	49	26	0	22	0	205	0
3R	46686531	A	T	49	0	26	0	0	22	197	8
3R	46686574	G	A	0	49	0	26	22	0	129	76
3R	46686608	G	T	0	49	26	0	22	0	205	0
3R	46686763	G	A	49	0	24	2	22	0	205	0
3R	46686849	T	C	0	49	26	0	22	0	157	48
3R	46686868	A	T	49	0	0	26	22	0	132	73
3R	46686872	A	G	0	49	0	26	0	22	0	205
3R	46686875	G	A	49	0	0	26	22	0	132	73
3R	46686879	G	A	0	49	26	0	22	0	157	48
3R	46686944	A	G	0	49	0	26	22	0	84	121
3R	46686959	G	A	0	49	0	26	22	0	84	121
3R	46686961	T	G	0	49	0	26	22	0	84	121
3R	46686977	C	T	49	0	0	26	22	0	132	73
3R	46687045	G	A	0	49	26	0	22	0	157	48
3R	46687066	G	A	49	0	0	26	22	0	132	73
3R	46687178	C	T	0	49	0	26	0	22	0	205
3R	46687184	C	T	49	0	0	26	22	0	181	24
3R	46687185	T	C	1	48	0	26	0	22	0	205
3R	46687191	A	C	0	49	26	0	0	22	24	181
3R	46687226	C	T	48	1	26	0	22	0	192	13
3R	46687239	A	G	0	49	0	26	22	0	127	78
3R	46687552	G	A	0	49	0	26	0	22	0	205
3R	46687604	G	A	0	49	0	26	0	22	0	205
3R	46687733	G	A	49	0	0	26	22	0	145	60
3R	46688171	C	T	49	0	25	1	22	0	173	32
3R	46688234	T	C	0	49	26	0	22	0	172	33
3R	46688268	G	T	0	49	26	0	22	0	172	33
3R	46688303	T	A	0	49	26	0	22	0	172	33
3R	46688317	A	G	0	49	26	0	22	0	178	27
3R	46688338	G	A	0	49	26	0	22	0	178	27
3R	46688379	A	G	49	0	26	0	0	22	195	10
3R	46688389	T	C	49	0	26	0	0	22	100	105
3R	46688420	T	A	0	49	26	0	22	0	182	23
3R	46688492	G	A	0	49	0	26	0	22	0	205
3R	46688508	A	G	0	49	0	26	0	22	0	205
3R	46688619	C	T	0	49	26	0	22	0	205	0
3R	46688825	T	G	0	49	0	26	0	22	4	201
3R	46689212	T	C	0	49	0	26	0	22	7	198
3R	46689251	C	A	0	49	0	26	0	22	4	201
3R	46689343	T	G	49	0	26	0	21	1	198	7
3R	46689411	G	A	24	25	26	0	22	0	205	0
3R	46689412	C	G	24	25	26	0	22	0	205	0
3R	46689447	G	A	0	49	0	26	0	22	55	150
3R	46689500	C	T	0	49	26	0	22	0	205	0
3R	46689505	G	A	0	49	0	26	0	22	4	201
3R	46689557	T	C	0	49	0	26	0	22	0	205
3R	46689643	T	C	49	0	26	0	0	22	205	0
3R	46689865	A	G	49	0	13	13	22	0	199	6
3R	46689919	G	A	0	49	26	0	22	0	164	41
3R	46689975	C	T	0	49	26	0	22	0	202	3
3R	46690005	C	T	0	49	0	26	0	22	0	205
3R	46690024	A	G	0	49	0	26	0	22	0	205
3R	46690059	T	C	0	49	0	26	0	22	0	205
3R	46690139	C	T	0	49	26	0	22	0	181	24
3R	46690170	C	T	49	0	0	26	0	22	4	201
3R	46690183	A	G	0	49	26	0	22	0	201	4
3R	46690378	C	T	49	0	1	25	22	0	179	26
3R	46690491	C	T	49	0	26	0	21	1	198	7
3R	46690500	C	T	0	49	26	0	22	0	190	15
3R	46690640	G	T	49	0	26	0	21	1	198	7
3R	46690688	C	T	0	49	26	0	22	0	187	18
3R	46690764	G	C	0	49	26	0	22	0	187	18
3R	46690989	G	A	0	49	26	0	22	0	185	20
3R	46691022	C	G	49	0	0	26	0	22	20	185
3R	46691028	C	T	0	49	26	0	22	0	185	20
3R	46691116	G	A	0	49	26	0	22	0	200	5
3R	46691162	A	T	0	49	0	26	0	22	0	205
3R	46691167	A	G	0	49	26	0	22	0	198	7
3R	46691171	T	C	0	49	26	0	22	0	198	7
3R	46691194	T	C	0	49	26	0	22	0	198	7
3R	46691205	A	C	0	49	26	0	22	0	186	19
3R	46691214	A	G	49	0	26	0	0	22	174	31
3R	46691226	A	T	0	49	0	26	0	22	0	205
3R	46691249	G	A	0	49	26	0	22	0	200	5
3R	46691254	T	A	0	49	0	26	0	22	14	191
3R	46691275	T	G	0	49	0	26	0	22	0	205
3R	46691284	T	G	0	49	0	26	0	22	0	205
3R	46691309	A	T	49	0	1	25	22	0	181	24
3R	46691333	A	T	0	49	0	26	0	22	0	205
3R	46691406	T	A	0	49	26	0	22	0	201	4
3R	46691433	C	T	0	49	26	0	22	0	201	4
3R	46691489	G	A	0	49	26	0	22	0	203	2
3R	46691546	A	T	49	0	0	26	0	22	11	194
3R	46691553	G	A	49	0	13	13	22	0	199	6
3R	46691623	C	G	0	49	0	26	0	22	0	205
3R	46691638	T	A	0	49	0	26	0	22	0	205
3R	46691917	G	A	0	49	26	0	22	0	203	2
3R	46691981	C	T	49	0	26	0	0	22	205	0
3R	46691993	G	A	49	0	26	0	0	22	205	0
3R	46692165	T	G	49	0	0	26	22	0	181	24
3R	46692267	A	G	49	0	0	26	0	22	113	92
3R	46692350	T	G	49	0	26	0	0	22	202	3
3R	46692375	G	A	49	0	26	0	0	22	202	3
3R	46692584	T	C	0	49	0	26	0	22	16	189
3R	46692592	A	G	0	49	0	26	0	22	12	193
3R	46692664	T	C	0	49	26	0	22	0	190	15
3R	46692693	A	G	49	0	15	11	22	0	205	0
3R	46692701	T	G	49	0	0	26	0	22	134	71
3R	46692967	T	C	0	49	0	26	0	22	0	205
3R	46693008	A	T	0	49	26	0	22	0	190	15
3R	46693047	T	C	49	0	0	26	22	0	134	71
3R	46693094	C	T	49	0	0	26	22	0	197	8
3R	46693106	A	C	0	49	26	0	22	0	190	15
3R	46693178	T	A	49	0	0	26	22	0	134	71
3R	46693187	T	A	0	49	26	0	0	22	77	128
3R	46693209	C	A	0	49	26	0	22	0	201	4
3R	46693229	A	T	49	0	3	23	22	0	184	21
3R	46693248	T	A	49	0	0	26	22	0	134	71
3R	46693505	C	G	0	49	26	0	22	0	190	15
3R	46693572	C	T	0	49	26	0	22	0	190	15
3R	46693609	A	C	48	1	26	0	22	0	197	8
3R	46693640	C	A	49	0	0	26	22	0	147	58
3R	46693723	G	A	49	0	0	26	21	1	147	58
3R	46693724	A	C	49	0	26	0	1	21	73	132
3R	46693734	C	A	49	0	0	26	21	1	147	58
3R	46693925	G	A	49	0	25	1	22	0	188	17
3R	46693930	G	A	0	49	25	1	0	22	99	106
3R	46693953	T	C	0	49	25	1	0	22	99	106
3R	46694520	C	G	49	0	26	0	21	1	139	66
3R	46694630	C	A	0	49	26	0	22	0	203	2
3R	46694687	T	A	47	2	26	0	22	0	205	0
3R	46694695	C	A	49	0	17	9	22	0	205	0
3R	46694866	T	C	0	49	0	26	22	0	135	70
3R	46694948	G	A	25	24	26	0	22	0	205	0
3R	46694950	G	A	0	49	1	25	22	0	135	70
3R	46694972	G	A	49	0	25	1	0	22	70	135
3R	46694974	A	G	49	0	26	0	0	22	70	135
3R	46694984	T	A	0	49	1	25	22	0	135	70
3R	46695159	C	T	0	49	26	0	22	0	203	2
3R	46695269	C	T	49	0	26	0	0	22	123	82
3R	46695364	A	C	0	49	0	26	22	0	68	137
3R	46695390	T	C	49	0	13	13	22	0	199	6
3R	46695428	T	C	25	24	26	0	22	0	205	0
3R	46695429	C	A	49	0	26	0	0	22	125	80
3R	46695440	A	T	0	49	26	0	22	0	203	2
3R	46695489	C	T	0	49	0	26	0	22	52	153
3R	46695683	T	C	0	49	0	26	0	22	26	179
3R	46695760	C	A	49	0	26	0	0	22	205	0
3R	46696027	A	T	0	49	0	26	22	0	145	60
3R	46696116	T	C	0	49	0	26	0	22	0	205
3R	46696788	G	T	48	1	26	0	22	0	205	0
3R	46696879	A	G	49	0	26	0	0	22	205	0
3R	46696924	C	T	0	49	0	26	0	22	96	109
3R	46697066	C	T	0	49	0	26	0	22	13	192
3R	46697093	T	A	0	49	0	26	0	22	95	110
3R	46697114	T	A	0	49	0	26	0	22	92	113
3R	46697344	C	A	0	49	0	26	0	22	46	159
3R	46697526	T	C	0	49	1	25	0	22	47	158
3R	46697570	C	A	0	49	0	26	0	22	109	96
3R	46697629	C	G	49	0	17	9	22	0	205	0
