derived_sample_id	mean_cov	median_cov	modal_cov	mean_cov_2L	median_cov_2L	mode_cov_2L	mean_cov_2R	median_cov_2R	mode_cov_2R	mean_cov_3L	median_cov_3L	mode_cov_3L	mean_cov_3R	median_cov_3R	mode_cov_3R	mean_cov_X	median_cov_X	mode_cov_X	frac_gen_cov	divergence	pc_contam	LLR
VBS54893-6781STDY12150017	24.3	24	24	24.48	24	24	24.83	25	25	23.74	24	24	23.96	24	24	24.29	23	23	0.899	0.03006	0.367	286.194
VBS54894-6781STDY12150018	35.88	36	37	36.35	37	37	36.67	37	38	35.1	36	37	35.55	36	37	34.83	34	36	0.902	0.03005	0.191	193.663
VBS54895-6781STDY12150019	18.65	18	18	18.74	18	18	19.04	19	19	18.11	18	18	18.35	18	18	19.06	17	18	0.893	0.03002	0.118	41.638
VBS54898-6781STDY12150021	25.87	26	26	26.04	26	26	26.37	26	27	25.28	25	26	25.63	26	26	25.72	24	25	0.898	0.02996	0.306	261.202
VBS54901-6781STDY12150024	31.4	32	32	31.72	32	32	31.92	32	33	30.85	31	32	31.26	32	32	30.6	29	31	0.901	0.0301	0.231	209.135
VBS54903-6781STDY12150026	9.44	9	8	9.41	9	8	9.67	9	9	9.1	8	8	9.2	9	8	10.16	8	8	0.878	0.03004	0.625	370.57
VBS54904-6781STDY12150027	10.99	10	10	11.02	10	10	11.09	10	10	10.81	10	10	10.87	10	10	11.35	10	9	0.883	0.03036	0.609	335.054
VBS54909-6781STDY12150031	11.01	2	2	11.0	2	2	11.21	2	2	10.42	2	2	9.98	2	2	13.37	2	2	0.14	0.02539	0.676	483.564
VBS54911-6781STDY12150033	30.75	31	32	31.05	31	32	31.35	32	32	30.15	31	31	30.52	31	31	30.05	29	30	0.902	0.02999	0.763	1503.22
VBS54912-6781STDY12150034	38.67	39	40	39.08	39	40	39.51	40	41	37.83	39	40	38.3	39	40	37.76	37	39	0.904	0.03008	0.207	233.469
VBS54913-6781STDY12150035	37.13	38	39	37.6	38	39	37.82	38	39	36.55	37	38	36.91	38	38	35.63	35	37	0.903	0.0301	0.237	274.131
VBS54914-6781STDY12150036	24.01	24	24	24.17	24	24	24.58	24	25	23.34	23	23	23.69	23	24	24.03	22	23	0.897	0.02993	0.391	337.194
VBS54915-6781STDY12150037	39.31	40	41	39.65	40	41	40.04	41	41	38.61	39	40	39.16	40	40	38.06	37	39	0.904	0.03012	0.218	245.733
VBS54917-6781STDY12150038	34.74	35	36	35.09	35	36	35.51	36	37	34.09	35	35	34.37	35	36	33.78	33	34	0.902	0.03006	0.2	196.39
VBS54918-6781STDY12150039	39.06	40	40	39.37	40	40	40.02	41	41	38.0	39	40	38.71	39	40	38.42	38	39	0.903	0.03007	0.274	350.556
VBS54919-6781STDY12150040	22.82	23	23	23.0	23	23	23.33	23	23	22.27	22	23	22.49	22	23	22.82	21	22	0.898	0.03001	0.446	392.802
VBS54923-6781STDY12150043	30.81	31	31	31.02	31	31	31.86	32	32	29.7	30	30	30.05	30	31	31.35	30	30	0.9	0.03009	0.181	129.129
VBS54924-6781STDY12150044	31.48	31	32	31.67	32	32	32.07	32	32	30.89	31	32	31.21	31	32	31.11	30	31	0.9	0.03	0.15	101.625
VBS54927-6781STDY12150046	39.16	40	41	39.54	40	41	40.01	41	42	38.22	39	40	38.95	40	40	38.12	37	40	0.904	0.03009	0.186	186.33
VBS54930-6781STDY12150049	45.38	46	46	45.87	46	46	46.09	46	47	44.88	45	46	45.0	45	46	44.02	43	44	0.905	0.03025	0.18	196.385
VBS54931-6781STDY12150050	39.92	40	41	40.38	41	41	40.81	41	42	38.98	40	41	39.58	40	41	38.82	38	40	0.904	0.03013	0.167	164.945
VBS54932-6781STDY12150051	34.35	35	35	34.66	35	35	35.07	35	36	33.45	34	35	34.17	34	35	33.68	33	34	0.903	0.03006	0.242	262.832
VBS54934-6781STDY12150053	33.43	34	34	33.65	34	34	34.05	34	35	32.76	33	34	33.24	34	34	32.79	32	33	0.902	0.03006	0.159	137.319
VBS54937-6781STDY12150056	29.95	30	31	30.25	30	31	30.48	31	31	29.41	30	31	29.8	30	31	29.07	28	30	0.901	0.03011	0.216	158.434
VBS54938-6781STDY12150057	7.08	2	2	6.99	2	2	7.14	2	2	6.56	2	2	6.61	2	2	9.18	2	2	0.261	0.0267	0.946	794.361
VBS54939-6781STDY12150058	37.79	38	39	38.18	38	39	38.4	39	40	37.13	38	39	37.8	38	39	36.24	36	38	0.903	0.03007	0.326	440.892
VBS54941-6781STDY12150060	2.36	2	2	2.29	2	2	2.29	2	2	2.24	2	2	2.24	2	2	3.24	2	2	0.327	0.02644		
VBS54942-6781STDY12150061	39.0	40	41	39.45	40	41	39.66	40	41	38.48	40	41	38.9	40	41	37.18	37	39	0.903	0.0301	0.305	389.389
VBS54943-6781STDY12150062	9.45	9	8	9.43	9	8	9.55	9	8	9.25	9	8	9.31	9	8	9.94	8	8	0.879	0.03051	1.068	825.787
VBS54944-6781STDY12150063	35.39	36	37	35.75	36	36	36.19	37	37	34.75	36	36	35.05	36	37	34.25	33	36	0.903	0.03012	0.496	763.257
VBS54945-6781STDY12150064	35.21	35	36	35.48	36	36	35.96	36	37	34.48	35	36	35.04	35	36	34.18	33	35	0.903	0.03006	0.43	649.754
VBS54946-6781STDY12150065	32.6	33	33	32.83	33	33	33.21	33	34	31.92	32	33	32.44	33	33	31.96	31	33	0.902	0.03005	0.376	494.981
VBS54947-6781STDY12150066	13.66	13	13	13.66	13	13	13.91	13	13	13.27	13	13	13.46	13	13	14.17	12	12	0.887	0.03036	0.864	652.858
VBS54948-6781STDY12150067	43.51	44	45	44.09	45	45	44.31	45	46	42.91	44	45	43.12	44	45	41.89	41	43	0.905	0.03026	0.286	351.707
VBS54949-6781STDY12150068	21.47	21	21	21.58	21	21	22.09	22	22	20.73	20	21	21.0	21	21	22.05	20	20	0.894	0.03004	0.531	408.87
VBS54950-6781STDY12150069	23.84	23	23	23.88	23	23	24.56	24	24	22.91	23	22	23.31	23	23	24.78	23	23	0.895	0.02999	0.273	194.487
VBS54951-6781STDY12150070	38.22	39	40	38.6	39	40	38.97	40	40	37.62	38	39	38.04	39	40	36.66	36	38	0.904	0.03009	0.249	283.381
VBS54952-6781STDY12150071	41.62	42	43	42.12	43	43	42.59	43	44	40.77	42	43	41.37	42	43	39.89	40	42	0.903	0.03011	0.263	347.353
VBS54953-6781STDY12150072	37.85	38	39	38.27	39	40	38.85	39	40	37.02	38	39	37.5	38	39	36.34	36	38	0.903	0.03017	0.277	297.759
VBS54954-6781STDY12150073	29.7	30	30	29.99	30	30	30.38	30	31	28.85	29	30	29.38	30	30	29.49	28	29	0.9	0.03005	0.259	234.198
VBS54955-6781STDY12150074	41.79	43	44	42.3	43	44	42.53	43	44	41.22	42	44	41.74	43	44	39.64	39	42	0.904	0.03012	0.228	272.198
VBS54956-6781STDY12150075	39.39	39	40	39.77	39	40	40.6	41	41	38.04	38	38	38.65	39	39	39.48	38	39	0.901	0.03012	0.183	193.395
VBS54958-6781STDY12150076	3.98	2	2	2.14	2	2	4.78	2	2	2.44	2	2	2.03	2	2	6.95	2	2	0.027	0.02622		
VBS54959-6781STDY12150077	4.49	4	3	4.43	4	3	4.53	4	3	4.31	4	3	4.36	4	3	5.22	4	3	0.826	0.02892	3.878	2310.333
VBS54961-6781STDY12150078	41.46	42	43	41.89	43	43	42.09	43	44	41.03	42	43	41.5	42	44	39.28	39	41	0.905	0.03021	0.224	229.354
VBS54962-6781STDY12150079	32.02	32	33	32.35	32	33	32.89	33	34	31.06	32	32	31.73	32	33	31.25	30	32	0.901	0.03004	0.172	133.798
VBS54963-6781STDY12150080	37.56	38	39	37.99	38	39	38.21	39	40	37.09	38	39	37.47	38	39	35.7	35	37	0.903	0.03012	0.194	190.793
VBS54964-6781STDY12150081	34.36	35	36	34.73	35	36	34.92	35	36	33.84	35	36	34.38	35	36	32.79	32	34	0.902	0.03008	0.216	205.201
VBS54965-6781STDY12150082	30.63	31	31	30.9	31	31	31.51	32	32	29.76	30	31	30.26	31	31	30.01	29	31	0.899	0.02998	0.307	323.15
VBS54966-6781STDY12150083	32.49	33	33	32.75	33	33	32.98	33	34	31.93	32	33	32.51	33	33	31.47	30	32	0.901	0.03006	0.261	272.154
VBS54967-6781STDY12150084	42.55	43	45	43.09	44	45	43.28	44	45	41.86	43	44	42.34	43	45	40.98	41	43	0.904	0.03014	0.352	603.522
VBS54968-6781STDY12150085	35.37	36	37	35.73	36	37	36.17	37	38	34.53	35	36	35.23	36	36	34.12	33	35	0.902	0.03007	0.324	410.829
VBS54969-6781STDY12150086	35.78	36	37	36.13	36	37	36.62	37	38	35.04	36	37	35.59	36	37	34.4	34	36	0.903	0.03007	0.306	403.322
VBS54970-6781STDY12150087	37.3	38	39	37.8	38	39	38.09	39	40	36.64	38	39	37.04	38	39	35.66	35	38	0.903	0.03006	0.4	705.542
VBS54971-6781STDY12150088	37.49	38	39	38.0	38	39	38.44	39	40	36.74	38	39	37.06	38	39	36.03	36	38	0.903	0.03017	0.311	392.434
VBS54972-6781STDY12150089	37.17	38	39	37.65	38	39	38.01	39	40	36.45	37	38	37.04	38	39	35.27	35	37	0.902	0.0301	0.261	297.188
VBS54973-6781STDY12150090	30.93	31	32	31.22	31	32	31.57	32	33	30.31	31	32	30.85	31	32	29.77	29	31	0.9	0.03001	0.296	330.68
VBS54974-6781STDY12150091	24.07	24	24	24.25	24	24	24.7	24	25	23.46	23	24	23.8	24	24	23.68	22	23	0.898	0.03004	0.375	306.655
VBS54975-6781STDY12150092	4.42	4	3	4.36	4	3	4.45	4	3	4.26	4	3	4.32	4	3	5.06	4	3	0.835	0.02908	1.116	61.843
VBS54976-6781STDY12150093	33.02	33	34	33.38	34	34	33.5	34	35	32.59	33	34	32.93	33	34	31.77	31	33	0.902	0.03002	0.732	1586.999
VBS54977-6781STDY12150094	39.38	40	41	39.84	40	41	40.24	41	42	38.83	40	41	38.96	40	41	37.84	37	40	0.906	0.03013	0.987	2724.635
VBS54978-6781STDY12150095	28.45	28	29	28.56	29	29	29.03	29	30	27.86	28	29	28.12	28	29	28.43	27	29	0.901	0.03004	1.194	2468.378
VBS54980-6781STDY12150097	30.49	31	31	30.69	31	31	31.09	31	32	29.85	30	31	30.28	30	31	30.05	29	30	0.901	0.03012	0.928	2016.684
VBS54982-6781STDY12150098	33.82	34	35	34.21	34	35	34.44	35	36	33.14	34	35	33.65	34	35	32.85	32	34	0.904	0.03	1.601	4933.633
VBS54984-6781STDY12150100	33.9	34	35	34.18	35	35	34.58	35	36	33.38	34	35	33.84	34	35	32.4	32	34	0.903	0.03008	0.664	1258.466
VBS54987-6781STDY12150103	35.86	36	37	36.11	36	37	36.36	37	38	35.29	36	37	36.02	36	37	34.48	34	36	0.903	0.03007	0.385	558.751
VBS54990-6781STDY12150106	29.12	29	30	29.31	29	30	29.78	30	30	28.43	29	29	28.83	29	30	28.77	27	28	0.9	0.02998	0.458	576.123
VBS54992-6781STDY12150108	40.65	41	42	41.04	42	42	41.35	42	43	40.03	41	42	40.57	41	42	38.99	39	41	0.904	0.03019	0.306	366.686
VBS54993-6781STDY12150109	41.06	42	43	41.5	42	43	41.77	43	43	40.53	42	43	41.05	42	43	38.98	39	41	0.905	0.03009	0.791	2015.05
VBS54994-6781STDY12150110	34.38	35	36	34.74	35	36	34.91	35	36	33.91	35	36	34.32	35	36	33.04	32	34	0.903	0.03015	0.343	386.711
VBS54995-6781STDY12150113	41.07	42	43	41.56	42	43	41.68	43	43	40.5	42	43	41.06	42	43	39.18	39	41	0.904	0.03013	0.287	375.706
VBS54996-6781STDY12150114	40.93	42	43	41.42	42	43	41.63	42	43	40.33	42	43	40.89	42	43	38.89	38	42	0.904	0.03013	0.319	444.437
VBS54997-6781STDY12150115	36.5	37	38	36.81	37	38	37.36	38	39	35.75	37	37	36.11	37	38	35.64	35	37	0.903	0.03021	0.193	199.709
VBS54998-6781STDY12150116	37.17	38	39	37.43	38	38	37.79	38	39	36.49	37	38	37.17	38	39	36.07	35	37	0.903	0.03007	0.139	118.294
VBS54999-6781STDY12150117	39.16	40	41	39.61	40	41	39.88	41	42	38.57	40	41	39.08	40	41	37.28	37	39	0.905	0.03012	0.6	1355.405
VBS55000-6781STDY12150118	42.01	43	44	42.46	43	44	42.69	44	45	41.31	43	44	42.04	43	44	40.28	40	43	0.905	0.0301	0.18	202.569
VBS55001-6781STDY12150119	37.68	38	39	38.05	39	39	38.33	39	40	37.11	38	39	37.54	38	39	36.33	36	38	0.903	0.0301	0.145	124.813
VBS55002-6781STDY12150120	41.64	42	43	42.03	43	44	42.35	43	44	40.96	42	43	41.58	42	43	40.07	40	43	0.904	0.03012	0.171	193.283
VBS55003-6781STDY12150121	39.31	40	41	39.77	40	41	40.03	41	41	38.53	40	41	39.14	40	41	38.02	37	40	0.904	0.03012	0.263	351.611
VBS55004-6781STDY12150122	33.27	34	35	33.62	34	35	33.93	34	35	32.7	33	34	33.13	34	35	31.88	31	33	0.901	0.03005	0.431	529.986
VBS55005-6781STDY12150123	35.93	36	37	36.25	37	37	36.54	37	38	35.35	36	37	35.89	36	37	34.61	34	36	0.903	0.03005	0.218	230.888
VBS55006-6781STDY12150124	37.73	38	39	38.03	38	39	38.57	39	40	36.83	38	39	37.42	38	39	37.11	36	38	0.905	0.0301	1.031	2828.124
VBS55007-6781STDY12150125	35.8	36	37	36.22	36	37	36.53	37	38	35.06	36	37	35.46	36	37	34.93	34	36	0.904	0.03013	0.266	293.885
VBS55008-6781STDY12150126	44.0	45	46	44.5	45	46	44.86	46	47	43.32	44	45	43.71	45	46	42.35	42	45	0.906	0.03021	0.164	175.517
VBS55009-6781STDY12150127	39.0	40	41	39.46	40	41	39.75	40	41	38.33	39	40	38.81	40	41	37.48	37	40	0.904	0.0301	0.265	321.164
VBS55010-6781STDY12150128	34.29	35	35	34.63	35	35	35.01	35	36	33.7	34	35	33.96	34	35	33.31	32	34	0.903	0.03013	0.312	329.787
VBS55011-6781STDY12150129	38.73	39	40	39.12	40	40	39.36	40	41	38.14	39	40	38.65	39	40	37.24	37	39	0.903	0.03011	0.248	302.149
VBS55012-6781STDY12150130	34.2	35	36	34.54	35	36	34.63	35	36	33.7	34	35	34.24	35	36	32.96	32	34	0.903	0.03006	0.319	368.048
VBS55013-6781STDY12150131	34.14	35	35	34.47	35	35	34.81	35	36	33.37	34	35	33.99	34	35	33.24	32	34	0.905	0.03015	1.644	4372.356
VBS55014-6781STDY12150132	39.44	40	41	39.86	40	41	40.25	41	42	38.69	40	41	39.18	40	41	38.16	38	39	0.904	0.0302	0.327	418.181
VBS55015-6781STDY12150133	35.53	36	37	35.86	36	37	36.31	37	38	34.84	36	37	35.34	36	37	34.29	34	35	0.903	0.03009	0.862	2038.602
VBS55016-6781STDY12150134	37.29	38	39	37.59	38	39	38.01	39	39	36.64	38	39	37.14	38	39	36.06	35	38	0.903	0.03009	0.261	303.998
VBS55017-6781STDY12150135	34.84	35	36	35.17	35	36	35.51	36	37	34.2	35	36	34.65	35	36	33.78	33	35	0.903	0.03015	0.391	438.808
VBS55018-6781STDY12150136	42.84	43	44	43.22	44	44	43.72	44	45	41.92	43	44	42.64	43	44	41.59	41	43	0.905	0.03014	0.245	331.334
VBS55019-6781STDY12150137	38.87	39	40	39.22	40	40	39.55	40	41	38.14	39	40	38.84	39	40	37.52	37	40	0.904	0.03013	0.265	300.457
VBS55020-6781STDY12150138	38.12	39	40	38.54	39	40	39.03	40	40	37.43	38	39	37.73	39	40	36.75	36	39	0.904	0.03017	0.248	248.936
VBS55021-6781STDY12150139	30.62	31	32	30.93	31	31	31.11	31	32	30.25	31	31	30.54	31	32	29.38	28	30	0.901	0.03003	0.534	864.679
VBS55022-6781STDY12150140	29.2	29	30	29.47	30	30	29.64	30	30	28.77	29	30	29.1	29	30	28.35	27	29	0.901	0.03006	0.859	1533.048
VBS55023-6781STDY12150141	30.88	31	32	31.16	31	32	31.43	32	32	30.48	31	32	30.75	31	32	29.67	29	30	0.899	0.03003	0.232	211.875
VBS55024-6781STDY12150142	26.65	27	27	26.85	27	27	27.15	27	28	26.21	27	27	26.51	27	27	25.91	25	26	0.898	0.02996	0.149	81.323
VBS55025-6781STDY12150143	33.46	34	35	33.73	34	34	33.92	34	35	33.09	34	35	33.44	34	35	32.2	31	33	0.901	0.03006	0.262	317.292
VBS55026-6781STDY12150144	32.68	33	34	32.98	33	34	33.14	34	34	32.16	33	34	32.73	33	34	31.41	31	32	0.901	0.03004	0.206	185.78
VBS55027-6781STDY12150145	28.62	29	29	28.95	29	29	29.21	29	30	28.17	28	29	28.31	29	29	27.79	27	28	0.9	0.03011	0.43	489.63
VBS55028-6781STDY12150146	30.09	30	31	30.52	31	31	30.52	31	31	29.68	30	31	30.0	30	31	28.86	28	29	0.9	0.02999	0.275	261.881
VBS55029-6781STDY12150147	30.16	30	31	30.46	31	31	30.58	31	31	29.8	30	31	30.12	30	31	28.97	28	30	0.9	0.03	0.328	348.788
VBS55030-6781STDY12150148	36.18	37	38	36.51	37	37	36.79	37	38	35.52	36	37	36.2	37	37	34.83	34	37	0.902	0.03006	0.292	357.003
VBS55031-6781STDY12150149	30.76	31	32	31.02	31	32	31.35	32	32	30.19	31	31	30.51	31	31	30.16	29	31	0.9	0.03003	0.256	216.325
VBS55032-6781STDY12150150	34.11	35	35	34.52	35	35	34.65	35	36	33.71	34	35	33.85	34	35	32.94	32	34	0.902	0.03015	0.268	244.543
VBS55033-6781STDY12150151	33.83	34	35	34.15	34	35	34.33	35	36	33.46	34	35	33.79	34	35	32.41	32	33	0.901	0.03004	0.221	219.809
VBS55034-6781STDY12150152	36.41	37	37	36.64	37	37	37.29	38	38	35.41	36	37	35.96	36	37	36.3	35	36	0.901	0.03006	0.11	70.867
VBS55035-6781STDY12150153	34.46	35	36	34.74	35	35	34.96	35	36	33.99	35	35	34.44	35	36	33.2	32	34	0.902	0.03007	0.161	118.525
VBS55036-6781STDY12150154	41.24	42	43	41.57	42	43	42.04	43	43	40.46	41	42	41.05	42	43	40.12	39	42	0.903	0.03011	0.189	208.546
VBS55037-6781STDY12150155	35.58	36	37	35.9	36	37	36.07	37	37	35.06	36	37	35.51	36	37	34.52	34	36	0.901	0.03011	0.167	152.141
VBS55038-6781STDY12150156	42.13	43	44	42.53	43	44	42.99	44	45	41.19	42	43	42.03	43	44	40.66	40	43	0.905	0.03011	0.655	1715.467
VBS55039-6781STDY12150157	35.65	36	37	36.03	36	37	36.24	37	37	35.22	36	37	35.51	36	37	34.23	33	36	0.903	0.03015	0.236	195.605
VBS55040-6781STDY12150158	33.35	34	34	33.54	34	34	33.94	34	35	32.67	33	34	33.24	34	34	32.72	32	33	0.901	0.03003	0.179	139.453
VBS55041-6781STDY12150159	34.77	35	36	35.1	35	36	35.35	36	36	34.2	35	36	34.67	35	36	33.59	33	35	0.902	0.03005	0.209	215.979
VBS55042-6781STDY12150160	44.44	45	46	44.93	46	46	44.99	46	47	43.99	45	46	44.41	45	47	42.59	42	44	0.904	0.03016	0.155	162.794
VBS55043-6781STDY12150161	42.93	44	45	43.42	44	45	43.74	45	46	42.25	43	45	42.7	44	45	41.22	41	44	0.903	0.03025	0.189	225.929
VBS55044-6781STDY12150162	42.79	44	45	43.24	44	45	43.7	45	46	41.9	43	45	42.58	44	45	41.33	41	44	0.904	0.03011	0.887	2935.688
VBS55045-6781STDY12150163	29.7	30	31	29.98	30	30	30.25	30	31	29.11	30	30	29.57	30	30	28.86	28	29	0.9	0.03002	0.318	307.165
VBS55046-6781STDY12150164	36.63	37	38	37.07	37	38	37.2	38	38	36.02	37	38	36.56	37	38	35.26	35	37	0.902	0.03005	0.306	386.502
VBS55047-6781STDY12150165	33.63	34	35	33.96	34	35	34.11	35	35	33.18	34	35	33.6	34	35	32.36	32	33	0.9	0.03004	0.336	361.626
VBS55048-6781STDY12150166	24.72	25	25	24.93	25	25	25.13	25	26	24.31	25	25	24.51	25	25	24.27	23	24	0.899	0.03006	0.314	211.439
VBS55049-6781STDY12150167	38.35	39	40	38.82	39	40	39.01	40	40	37.93	39	40	38.18	39	40	36.49	36	38	0.904	0.03017	0.308	374.006
VBS55050-6781STDY12150168	32.86	33	34	33.11	33	34	33.42	34	34	32.18	33	33	32.63	33	34	32.53	32	33	0.9	0.03005	0.289	304.067
VBS55051-6781STDY12150169	30.97	31	32	31.28	31	32	31.5	32	32	30.6	31	32	30.79	31	32	29.87	29	30	0.901	0.03011	0.245	187.734
VBS55052-6781STDY12150170	35.51	36	37	35.86	36	37	36.1	37	37	35.08	36	37	35.49	36	37	33.82	33	35	0.902	0.03008	0.353	434.22
VBS55053-6781STDY12150171	31.64	32	33	31.92	32	32	32.23	33	33	31.03	32	32	31.51	32	32	30.78	30	32	0.901	0.03005	0.291	284.777
VBS55054-6781STDY12150172	33.91	34	35	34.21	34	35	34.42	35	36	33.53	34	35	33.97	34	35	32.24	31	34	0.901	0.03007	0.28	313.938
VBS55055-6781STDY12150173	28.48	29	29	28.71	29	29	28.89	29	30	28.01	28	29	28.47	29	29	27.67	27	28	0.9	0.03001	0.39	433.178
VBS55056-6781STDY12150174	35.96	36	37	36.36	36	37	36.17	36	37	35.9	36	37	36.24	36	37	33.81	33	34	0.902	0.03014	0.28	304.502
VBS55058-6781STDY12150175	31.4	32	32	31.65	32	32	32.0	32	33	30.82	31	32	31.3	32	32	30.34	29	31	0.9	0.03001	0.488	643.374
VBS55059-6781STDY12150176	26.23	26	27	26.55	27	27	26.72	27	27	25.83	26	27	26.07	26	27	25.21	24	25	0.9	0.03008	0.359	252.263
VBS55060-6781STDY12150177	33.34	34	34	33.71	34	35	34.01	34	35	32.76	33	34	33.09	33	34	32.22	31	33	0.902	0.03016	0.392	422.634
VBS55061-6781STDY12150178	9.12	8	8	9.11	8	8	9.27	9	8	8.82	8	8	8.91	8	8	9.81	8	8	0.878	0.03157	3.462	2422.034
VBS55062-6781STDY12150179	30.06	30	31	30.35	30	30	30.78	31	31	29.42	30	30	29.66	30	30	29.5	28	29	0.901	0.03012	0.515	576.677
VBS55063-6781STDY12150180	35.13	35	36	35.44	36	36	35.51	36	36	34.81	35	36	35.19	36	36	33.76	33	35	0.902	0.03012	0.45	610.377
VBS55064-6781STDY12150181	7.33	7	6	7.25	7	6	7.36	7	6	7.13	7	6	7.25	7	6	8.04	6	6	0.871	0.03046	0.986	521.386
VBS55065-6781STDY12150182	31.67	32	33	32.01	32	33	32.22	33	33	31.2	32	33	31.59	32	33	30.38	29	31	0.902	0.03006	0.968	2097.391
VBS55066-6781STDY12150183	27.18	27	28	27.45	27	28	27.66	28	28	26.82	27	28	27.05	27	28	26.09	25	26	0.898	0.03001	0.633	847.47
VBS55067-6781STDY12150184	5.79	5	5	5.74	5	5	5.83	5	5	5.65	5	4	5.69	5	4	6.38	5	4	0.858	0.02984	1.737	1556.663
VBS55068-6781STDY12150185	27.19	27	28	27.44	27	28	27.67	28	28	26.71	27	27	27.12	27	28	26.31	25	26	0.899	0.03006	0.426	449.089
VBS55069-6781STDY12150186	35.52	36	37	35.96	36	37	36.09	36	37	35.14	36	37	35.33	36	37	34.04	33	35	0.903	0.03015	1.273	3395.239
VBS55070-6781STDY12150187	33.89	34	35	34.32	35	35	34.56	35	36	33.37	34	35	33.6	34	35	32.67	32	34	0.902	0.03003	1.412	4108.542
VBS55071-6781STDY12150188	30.82	31	31	31.14	31	31	31.48	31	31	30.11	30	31	30.29	30	31	30.85	29	30	0.902	0.03033	3.454	8796.428
VBS55073-6781STDY12150190	28.77	29	29	28.9	29	29	29.67	30	30	27.83	28	28	28.29	28	29	28.82	27	28	0.898	0.03002	0.272	238.52
VBS55074-6781STDY12150191	27.55	28	28	27.73	28	28	28.22	28	28	26.99	27	28	27.18	27	28	27.18	26	26	0.899	0.03006	0.719	1012.638
VBS55075-6781STDY12150192	23.34	23	23	23.56	23	23	23.8	23	23	22.78	23	23	22.97	23	23	23.51	22	22	0.895	0.03003	0.423	413.32
VBS55076-6781STDY12150193	32.96	33	34	33.4	34	34	33.67	34	35	32.38	33	34	32.6	33	34	31.86	31	33	0.902	0.03012	0.477	634.605
VBS55077-6781STDY12150194	38.75	39	40	39.23	40	40	39.58	40	41	38.08	39	40	38.43	39	40	37.27	37	40	0.903	0.03008	0.796	2069.793
VBS55078-6781STDY12150195	30.28	30	31	30.59	31	31	30.91	31	32	29.62	30	31	30.02	30	31	29.61	29	30	0.902	0.02998	2.236	6382.051
VBS55079-6781STDY12150196	30.57	31	31	30.84	31	31	31.51	32	32	29.65	30	30	30.08	30	30	30.18	29	30	0.901	0.02999	2.071	5782.393
VBS55080-6781STDY12150197	30.39	31	31	30.79	31	31	31.23	31	32	29.61	30	30	29.96	30	31	29.61	29	30	0.9	0.03011	0.346	330.525
VBS55081-6781STDY12150198	34.79	35	36	35.14	35	36	35.68	36	37	34.01	35	36	34.36	35	36	33.89	33	35	0.901	0.03001	0.714	1517.813
VBS55082-6781STDY12150199	32.57	33	33	32.88	33	33	33.47	34	34	31.82	32	33	32.11	33	33	31.79	31	32	0.9	0.03	0.627	1157.46
VBS55083-6781STDY12150200	34.67	35	35	34.98	35	35	35.71	36	36	33.61	34	34	33.96	34	35	34.79	33	34	0.901	0.0301	0.323	347.464
VBS55084-6781STDY12150201	32.95	33	34	33.25	33	34	33.66	34	34	32.18	33	33	32.65	33	34	32.32	31	33	0.901	0.03002	0.786	1662.694
VBS55085-6781STDY12150202	31.73	32	33	31.97	32	32	32.5	33	33	30.99	31	32	31.33	32	32	31.37	30	32	0.9	0.03002	0.259	270.689
VBS55086-6781STDY12150203	31.2	31	32	31.56	31	32	31.89	32	32	30.38	31	31	30.87	31	31	30.76	30	31	0.899	0.03004	0.183	134.347
VBS55087-6781STDY12150204	35.2	36	36	35.52	36	36	35.93	36	37	34.53	35	36	35.0	35	36	34.07	33	35	0.903	0.03006	0.24	230.353
VBS55088-6781STDY12150205	29.77	30	30	30.04	30	30	30.84	31	31	28.65	29	29	29.04	29	29	30.07	29	29	0.898	0.02999	0.352	379.342
VBS55089-6781STDY12150206	31.34	32	32	31.66	32	32	31.98	32	33	30.67	31	32	31.07	31	32	30.64	30	31	0.9	0.03002	0.276	267.332
VBS55090-6781STDY12150209	11.6	11	10	11.58	11	10	11.85	11	11	11.17	11	10	11.35	11	10	12.39	11	10	0.883	0.03016	0.736	382.894
VBS55092-6781STDY12150211	31.93	32	33	32.13	32	33	32.67	33	34	31.15	32	32	31.67	32	33	31.39	30	32	0.9	0.03003	0.455	636.406
VBS55093-6781STDY12150212	36.92	37	37	37.23	37	37	38.05	38	38	35.73	36	36	36.14	36	36	37.12	35	36	0.901	0.03007	0.189	172.587
VBS55094-6781STDY12150213	20.42	20	19	20.56	20	19	21.06	20	20	19.72	19	19	19.84	19	19	21.07	19	19	0.891	0.02995	0.147	70.36
VBS55095-6781STDY12150214	36.9	37	38	37.2	38	38	37.59	38	39	36.33	37	38	36.81	37	38	35.44	35	36	0.902	0.03007	0.346	510.431
VBS55096-6781STDY12150215	32.13	32	32	32.38	32	32	33.1	33	33	31.02	31	32	31.54	32	32	32.31	31	32	0.897	0.03002	0.275	303.904
VBS55097-6781STDY12150216	34.36	35	36	34.73	35	36	34.98	35	36	33.94	35	36	34.27	35	36	32.72	32	34	0.901	0.03007	0.544	919.4
VBS55098-6781STDY12150217	36.42	37	38	36.85	37	38	37.19	38	38	35.68	37	37	36.2	37	38	35.11	34	36	0.902	0.03005	0.354	505.459
VBS55099-6781STDY12150218	29.75	30	31	30.05	30	31	30.43	31	31	29.15	30	30	29.45	30	31	28.96	28	29	0.901	0.02999	1.398	3319.305
VBS55100-6781STDY12150219	38.4	39	40	38.79	39	40	38.96	39	40	37.92	39	40	38.38	39	40	36.82	36	38	0.905	0.03024	2.591	8745.514
VBS55101-6781STDY12150220	25.81	26	26	25.98	26	26	26.42	26	27	25.18	25	26	25.45	25	26	25.67	24	25	0.897	0.02996	0.303	242.265
VBS55102-6781STDY12150221	35.42	36	37	35.89	36	37	36.34	37	38	34.65	35	36	34.95	36	36	34.25	34	36	0.901	0.03016	0.202	184.816
VBS55103-6781STDY12150222	32.43	33	34	32.74	33	34	33.15	34	34	31.74	32	33	32.26	33	33	31.32	30	32	0.903	0.03001	1.951	5813.524
VBS55104-6781STDY12150223	36.33	37	38	36.65	37	38	37.14	38	38	35.52	36	37	36.03	37	38	35.53	35	37	0.901	0.03003	0.253	261.677
VBS55105-6781STDY12150224	35.32	36	37	35.67	36	36	36.23	37	37	34.58	35	36	34.83	35	36	34.43	34	35	0.901	0.03015	0.236	226.311
VBS55106-6781STDY12150225	37.6	38	39	37.93	38	39	38.59	39	40	36.72	37	38	37.21	38	39	36.59	36	38	0.902	0.03006	0.273	316.735
VBS55107-6781STDY12150226	36.78	37	38	37.14	37	38	37.51	38	38	36.02	37	37	36.51	37	38	35.92	35	37	0.901	0.03009	0.232	263.275
VBS55108-6781STDY12150227	33.6	34	34	33.83	34	34	34.38	35	35	32.83	33	34	33.32	34	34	32.94	32	33	0.9	0.03004	0.185	159.114
VBS55109-6781STDY12150228	31.47	32	32	31.67	32	32	32.13	32	33	30.8	31	32	31.29	32	32	30.83	30	31	0.9	0.03005	0.166	129.792
VBS55110-6781STDY12150229	42.57	43	44	43.0	43	43	43.13	44	44	42.24	43	43	42.5	43	43	40.69	40	41	0.902	0.03018	0.193	232.948
VBS55111-6781STDY12150230	30.51	30	31	30.69	31	31	31.42	31	32	29.58	30	30	30.08	30	31	30.37	29	30	0.899	0.03009	0.166	109.436
VBS55112-6781STDY12150231	13.15	12	12	13.13	12	12	13.39	13	12	12.79	12	12	13.0	12	12	13.6	12	11	0.885	0.03023	0.589	313.716
VBS55113-6781STDY12150232	39.57	40	41	40.02	40	41	40.38	41	42	38.64	40	41	39.39	40	41	38.38	38	40	0.903	0.03012	0.161	157.742
VBS55114-6781STDY12150233	39.36	40	41	39.84	40	41	40.06	41	42	38.67	40	41	39.29	40	41	37.67	37	40	0.902	0.03012	0.228	273.108
VBS55115-6781STDY12150234	34.28	35	35	34.62	35	35	34.93	35	36	33.56	34	35	34.15	35	35	33.24	32	34	0.901	0.03007	0.226	262.891
VBS55116-6781STDY12150235	38.72	39	40	39.04	39	40	39.66	40	41	37.87	39	40	38.36	39	40	37.71	37	39	0.902	0.03011	0.168	147.701
VBS55117-6781STDY12150236	34.21	35	35	34.48	35	35	34.92	35	36	33.69	34	35	34.0	34	35	32.95	32	34	0.901	0.03005	0.216	200.332
VBS55118-6781STDY12150237	36.16	37	37	36.57	37	37	36.82	37	38	35.45	36	37	35.92	36	37	35.17	34	36	0.901	0.0301	0.129	101.609
VBS55119-6781STDY12150238	39.74	40	41	40.24	41	41	40.54	41	42	38.97	40	41	39.47	40	41	38.41	38	40	0.903	0.03011	0.175	163.865
VBS55120-6781STDY12150239	27.56	28	28	27.86	28	28	28.05	28	29	27.09	27	28	27.45	28	28	26.61	25	27	0.899	0.03002	0.318	307.995
VBS55121-6781STDY12150240	36.41	36	36	36.86	36	36	36.42	36	36	36.59	36	36	36.71	36	35	34.17	32	32	0.902	0.0301	0.97	2608.993
VBS55122-6781STDY12150241	33.57	34	35	33.9	34	35	34.15	35	35	33.05	34	35	33.51	34	35	32.25	31	33	0.902	0.03009	0.278	301.271
VBS55123-6781STDY12150242	29.35	29	30	29.68	30	30	29.99	30	31	28.74	29	30	28.97	29	30	28.78	28	29	0.899	0.03003	0.191	150.008
VBS55124-6781STDY12150243	34.36	35	36	34.74	35	35	35.01	35	36	33.76	34	35	34.15	35	35	33.21	32	34	0.901	0.03011	0.262	277.425
VBS55125-6781STDY12150244	28.24	28	29	28.56	29	29	28.77	29	29	27.69	28	29	28.1	28	29	27.36	26	27	0.899	0.03003	0.197	154.327
VBS55126-6781STDY12150245	37.67	38	39	38.11	38	39	38.51	39	40	37.09	38	39	37.26	38	39	36.24	36	37	0.902	0.03011	0.219	229.045
VBS55127-6781STDY12150246	35.38	36	37	35.76	36	37	36.0	36	37	34.9	36	37	35.29	36	37	33.79	33	35	0.902	0.0301	0.242	249.711
VBS55128-6781STDY12150247	29.43	30	30	29.77	30	30	30.05	30	31	28.87	29	30	29.18	30	30	28.53	28	29	0.904	0.03151	8.835	14834.711
VBS55129-6781STDY12150248	38.25	39	40	38.67	39	40	39.03	40	41	37.49	38	39	38.13	39	40	36.74	36	38	0.907	0.03012	4.245	16495.844
VBS55130-6781STDY12150249	27.83	28	28	28.15	28	28	28.33	28	29	27.37	28	28	27.66	28	28	26.96	26	27	0.902	0.03137	5.821	7598.882
VBS55132-6781STDY12150250	35.98	36	37	36.4	37	37	36.86	37	38	35.27	36	37	35.63	36	37	34.65	34	36	0.903	0.03015	0.264	248.417
VBS55133-6781STDY12150251	32.87	33	34	33.22	33	34	33.52	34	34	32.28	33	33	32.68	33	34	31.73	31	32	0.901	0.03008	0.313	342.042
VBS55134-6781STDY12150252	35.74	36	37	36.28	37	37	36.58	37	38	35.25	36	37	35.35	36	37	33.91	33	36	0.902	0.03016	0.303	369.953
VBS55135-6781STDY12150253	34.8	35	36	35.15	35	36	35.55	36	37	34.29	35	36	34.61	35	36	33.25	32	35	0.903	0.03015	0.364	384.117
VBS55136-6781STDY12150254	36.64	37	38	37.16	38	38	37.35	38	39	36.28	37	38	36.37	37	38	34.7	34	36	0.902	0.03009	0.362	530.963
VBS55137-6781STDY12150255	34.8	35	36	35.28	35	36	35.47	36	37	34.17	35	36	34.56	35	36	33.58	33	34	0.902	0.03011	0.266	283.747
VBS55138-6781STDY12150256	28.76	29	29	29.04	29	29	29.17	29	29	28.33	28	29	28.63	29	29	28.0	27	28	0.899	0.03002	0.415	485.275
VBS55139-6781STDY12150257	32.2	33	33	32.61	33	33	32.83	33	34	31.65	32	33	31.93	32	33	31.08	30	32	0.902	0.03012	0.252	226.526
VBS55140-6781STDY12150258	34.55	35	36	34.96	35	36	35.25	36	36	34.0	35	35	34.34	35	35	33.09	32	34	0.902	0.03007	0.282	314.323
VBS55141-6781STDY12150259	22.76	23	23	22.99	23	23	23.18	23	23	22.29	22	23	22.52	22	23	22.45	21	22	0.896	0.03005	0.303	228.238
VBS55142-6781STDY12150260	32.9	33	34	33.22	33	34	33.7	34	34	32.11	33	33	32.46	33	33	32.42	31	33	0.9	0.03008	0.214	195.666
VBS55143-6781STDY12150261	29.88	30	31	30.1	30	30	30.34	30	31	29.35	30	30	29.89	30	30	28.97	28	29	0.901	0.03003	0.506	682.843
VBS55144-6781STDY12150262	37.25	38	39	37.77	38	39	37.92	38	39	36.84	38	39	37.01	38	39	35.44	35	37	0.903	0.03014	0.298	387.91
VBS55145-6781STDY12150263	29.42	30	30	29.67	30	30	30.17	30	31	28.74	29	30	29.04	29	30	28.88	28	29	0.899	0.03006	0.393	406.288
VBS55146-6781STDY12150264	32.52	33	34	32.8	33	34	33.16	34	34	31.94	33	33	32.42	33	34	31.38	30	32	0.901	0.03008	0.388	470.989
VBS55147-6781STDY12150265	35.59	36	37	36.12	36	37	36.22	37	38	35.08	36	37	35.42	36	37	33.9	33	35	0.902	0.03009	0.495	703.338
VBS55149-6781STDY12150266	29.45	30	30	29.75	30	30	30.02	30	31	28.88	29	30	29.19	30	30	28.81	28	29	0.901	0.03011	0.403	381.434
VBS55153-6781STDY12150267	31.96	32	33	32.34	33	33	32.66	33	34	31.42	32	33	31.63	32	33	30.9	30	31	0.901	0.03012	0.55	674.117
VBS55154-6781STDY12150268	31.48	32	33	31.8	32	32	32.14	32	33	30.87	31	32	31.37	32	32	30.19	29	31	0.9	0.03003	0.463	571.864
VBS55155-6781STDY12150269	29.51	30	30	29.77	30	30	30.04	30	31	28.97	29	30	29.46	30	30	28.47	27	29	0.9	0.03003	0.649	1020.896
VBS55156-6781STDY12150270	34.36	35	36	34.66	35	35	35.06	36	36	33.8	35	36	34.28	35	36	32.86	32	34	0.902	0.03009	0.41	479.094
VBS55157-6781STDY12150271	31.46	32	33	31.82	32	33	31.98	32	33	30.97	32	33	31.47	32	33	30.03	29	30	0.901	0.03004	0.46	584.699
VBS55158-6781STDY12150272	28.26	28	29	28.52	29	29	28.75	29	29	27.79	28	29	28.11	28	29	27.42	26	28	0.899	0.03006	0.497	551.276
VBS55159-6781STDY12150273	31.18	31	32	31.47	32	32	31.72	32	33	30.7	31	32	31.16	31	32	29.81	29	30	0.9	0.03005	0.513	643.936
VBS55160-6781STDY12150274	24.13	24	24	24.26	24	24	24.57	24	25	23.65	24	24	24.07	24	24	23.63	22	23	0.897	0.03	0.47	421.694
VBS55161-6781STDY12150275	33.05	33	34	33.35	33	34	33.95	34	35	32.23	33	33	32.61	33	33	32.37	31	32	0.901	0.03006	0.394	475.442
VBS55162-6781STDY12150276	30.64	31	31	30.86	31	31	31.13	31	32	30.17	31	31	30.63	31	32	29.64	29	30	0.9	0.03001	0.467	560.11
VBS55163-6781STDY12150277	40.86	41	42	41.28	42	42	41.96	42	43	39.93	41	42	40.4	41	42	39.56	39	40	0.903	0.03013	0.504	901.79
VBS55164-6781STDY12150278	32.36	33	34	32.71	33	34	32.96	33	34	31.93	33	33	32.23	33	34	30.86	30	32	0.903	0.0301	1.228	2800.706
VBS55166-6781STDY12150279	31.58	32	32	31.92	32	32	32.26	33	33	30.94	31	32	31.23	32	32	30.95	30	31	0.901	0.03011	0.388	398.709
VBS55167-6781STDY12150280	32.54	33	34	32.87	33	34	33.13	33	34	32.06	33	33	32.43	33	34	31.22	30	32	0.901	0.03001	0.466	599.935
VBS55168-6781STDY12150281	30.75	31	32	30.98	31	32	31.23	31	32	30.21	31	32	30.69	31	32	29.99	29	31	0.9	0.03003	0.393	419.265
VBS55169-6781STDY12150282	34.02	34	35	34.41	35	35	34.72	35	36	33.36	34	35	33.83	34	35	32.81	32	34	0.902	0.03005	0.484	654.645
VBS55170-6781STDY12150283	26.72	27	27	26.81	27	27	27.23	27	28	26.27	26	27	26.52	26	27	26.41	25	26	0.9	0.03007	0.622	699.655
VBS55171-6781STDY12150284	31.29	32	32	31.54	32	32	31.94	32	33	30.73	31	32	31.12	31	32	30.28	29	31	0.901	0.03001	0.582	833.038
VBS55172-6781STDY12150285	37.48	38	39	37.9	38	39	38.13	39	39	36.8	38	39	37.44	38	38	35.93	35	37	0.903	0.0301	0.737	1654.084
VBS55173-6781STDY12150286	33.46	34	35	33.79	34	35	34.0	34	35	32.9	34	34	33.34	34	34	32.46	31	33	0.901	0.03001	0.411	503.143
VBS55174-6781STDY12150287	33.79	34	35	34.09	34	35	34.39	35	36	33.11	34	35	33.74	34	35	32.69	32	33	0.902	0.03006	0.342	411.057
VBS55175-6781STDY12150288	28.65	29	29	28.87	29	29	29.24	29	30	28.06	28	29	28.46	29	29	27.98	27	28	0.9	0.03008	0.404	384.335
VBS55176-6781STDY12150289	20.85	20	21	20.91	21	20	21.18	21	21	20.33	20	20	20.64	20	21	21.3	20	20	0.894	0.02992	0.349	244.63
VBS55177-6781STDY12150290	38.17	39	40	38.58	39	40	38.91	39	41	37.63	38	39	37.85	39	40	36.85	36	38	0.903	0.03018	0.294	300.414
VBS55178-6781STDY12150291	29.48	30	30	29.78	30	30	30.09	30	31	28.92	29	30	29.27	30	30	28.52	28	29	0.9	0.02998	0.627	998.256
VBS55179-6781STDY12150292	31.98	32	33	32.29	33	33	32.53	33	34	31.58	32	33	31.91	32	33	30.5	30	31	0.901	0.03004	0.426	538.547
VBS55180-6781STDY12150293	32.52	33	34	32.83	33	34	32.97	33	34	32.16	33	34	32.58	33	34	30.95	30	32	0.9	0.03005	0.295	294.836
VBS55181-6781STDY12150294	35.08	36	36	35.36	36	36	35.82	36	37	34.41	35	36	34.84	35	36	34.09	33	35	0.902	0.03013	0.296	298.419
VBS55182-6781STDY12150295	31.48	32	33	31.77	32	32	32.08	32	33	30.94	31	32	31.3	32	33	30.52	30	32	0.902	0.0301	0.439	512.905
VBS55183-6781STDY12150296	33.1	33	34	33.4	34	34	33.72	34	35	32.61	33	34	32.99	33	34	31.71	31	33	0.901	0.03001	0.34	389.908
VBS55184-6781STDY12150297	37.02	37	39	37.39	38	39	38.26	39	40	35.69	36	37	36.55	37	38	36.23	36	38	0.902	0.03008	0.28	330.669
VBS55185-6781STDY12150298	30.14	30	31	30.45	31	31	30.55	31	31	29.74	30	31	30.14	31	31	28.99	28	30	0.903	0.03075	3.917	6956.017
VBS55186-6781STDY12150299	29.45	30	30	29.75	30	30	29.91	30	31	28.94	29	30	29.51	30	30	28.2	27	29	0.901	0.02998	0.763	1208.528
VBS55187-6781STDY12150300	35.12	36	37	35.53	36	37	35.78	36	37	34.63	35	36	34.97	36	37	33.49	33	35	0.901	0.03007	0.484	656.067
VBS55188-6781STDY12150301	31.06	31	32	31.4	32	32	31.53	32	33	30.67	31	32	31.08	31	32	29.55	29	30	0.9	0.03005	0.587	783.81
VBS55189-6781STDY12150302	37.28	38	39	37.67	38	39	38.02	39	39	36.66	38	39	37.16	38	39	35.62	35	38	0.903	0.03008	0.485	741.244
VBS55190-6781STDY12150305	28.61	29	30	28.87	29	29	29.13	29	30	28.21	29	30	28.51	29	30	27.45	26	28	0.899	0.03	0.535	624.462
VBS55191-6781STDY12150306	28.97	29	30	29.31	29	30	29.47	30	30	28.53	29	30	28.84	29	30	27.9	27	28	0.9	0.02999	0.572	754.766
VBS55192-6781STDY12150307	37.51	38	39	37.94	38	39	38.22	39	40	36.92	38	39	37.34	38	39	35.93	35	38	0.901	0.03007	0.476	715.66
VBS55193-6781STDY12150308	30.79	31	32	31.19	31	32	31.2	32	32	30.48	31	32	30.76	31	32	29.25	28	30	0.9	0.03	0.506	600.137
VBS55194-6781STDY12150309	29.08	29	30	29.33	29	30	29.5	30	30	28.7	29	30	29.08	29	30	28.0	27	28	0.9	0.03003	0.517	593.626
VBS55195-6781STDY12150310	31.51	32	33	31.92	32	33	32.01	32	33	31.11	32	33	31.34	32	33	30.27	29	32	0.9	0.03004	0.55	715.05
VBS55196-6781STDY12150311	29.82	30	31	30.1	30	31	30.4	31	31	29.24	30	30	29.73	30	31	28.77	28	29	0.899	0.03001	0.459	533.85
VBS55197-6781STDY12150312	38.81	39	40	39.2	39	40	39.4	40	40	38.5	39	40	38.82	39	40	36.72	36	38	0.903	0.03008	1.024	2856.535
VBS55198-6781STDY12150313	33.36	34	34	33.68	34	34	34.04	34	35	32.75	33	34	33.19	33	34	32.24	31	33	0.901	0.03005	0.324	390.466
VBS55199-6781STDY12150314	31.95	32	33	32.31	32	33	32.51	33	33	31.23	32	32	31.85	32	32	31.1	30	31	0.901	0.03003	0.454	658.25
VBS55200-6781STDY12150315	33.91	34	35	34.43	35	35	34.58	35	36	33.4	34	35	33.54	34	35	32.65	32	33	0.902	0.03012	0.359	401.161
VBS55201-6781STDY12150316	32.96	33	34	33.35	34	34	33.47	34	35	32.49	33	34	32.93	33	34	31.55	31	32	0.901	0.03001	0.275	293.5
VBS55202-6781STDY12150317	38.04	39	40	38.56	39	40	38.65	39	40	37.54	39	40	38.01	39	40	36.07	36	38	0.902	0.0301	0.276	330.62
VBS55203-6781STDY12150318	32.91	33	34	33.21	33	34	33.62	34	35	32.22	33	34	32.64	33	34	32.17	31	32	0.901	0.0301	0.309	292.449
VBS55204-6781STDY12150319	34.14	34	35	34.53	35	35	34.82	35	36	33.45	34	34	33.95	34	35	33.04	32	34	0.901	0.03006	0.249	236.51
VBS55205-6781STDY12150320	40.33	41	42	40.89	41	42	41.23	42	43	39.74	41	42	39.88	41	41	38.57	38	40	0.904	0.03018	0.3	364.655
VBS55206-6781STDY12150321	34.55	35	36	34.91	35	36	35.15	36	36	33.92	35	36	34.44	35	35	33.39	33	34	0.901	0.03005	0.337	450.402
VBS55207-6781STDY12150322	29.12	29	30	29.43	30	30	29.56	30	30	28.71	29	30	29.06	29	30	28.04	27	28	0.899	0.03001	0.303	276.229
VBS55208-6781STDY12150323	32.44	33	33	32.81	33	33	32.89	33	34	31.89	32	33	32.4	33	33	31.41	30	32	0.901	0.03001	0.261	233.46
VBS55209-6781STDY12150324	29.36	30	30	29.76	30	30	29.87	30	31	28.91	29	30	29.11	29	30	28.38	27	29	0.9	0.03011	0.249	197.697
VBS55210-6781STDY12150325	39.1	40	41	39.54	40	41	39.6	40	41	38.65	40	41	39.18	40	41	37.19	37	39	0.904	0.0301	0.267	307.927
VBS55211-6781STDY12150326	36.91	38	39	37.39	38	39	37.65	38	39	36.41	37	39	36.72	37	39	35.02	34	37	0.904	0.03015	0.372	444.004
VBS55212-6781STDY12150327	37.56	38	39	37.98	39	39	38.29	39	40	37.11	38	39	37.37	38	39	35.73	35	37	0.903	0.03017	0.417	561.68
VBS55213-6781STDY12150328	39.09	40	41	39.58	40	41	39.91	41	42	38.57	40	41	38.77	40	41	37.33	37	39	0.904	0.03015	0.45	627.873
VBS55214-6781STDY12150329	35.02	36	37	35.46	36	37	35.59	36	37	34.66	35	36	34.96	36	36	33.09	32	35	0.902	0.03006	0.354	453.879
VBS55215-6781STDY12150330	38.99	40	41	39.57	40	41	39.57	40	41	38.55	40	41	38.98	40	41	36.74	36	38	0.902	0.03012	0.276	347.24
VBS55216-6781STDY12150331	24.74	25	25	24.95	25	25	25.31	25	26	24.24	24	25	24.45	25	25	24.3	23	24	0.896	0.02994	0.389	374.469
VBS55217-6781STDY12150332	29.99	30	31	30.32	31	31	30.45	31	31	29.56	30	31	29.94	30	31	28.74	28	29	0.9	0.03001	0.398	450.4
VBS55218-6781STDY12150333	39.4	40	41	39.94	40	41	39.85	41	42	38.92	40	41	39.46	40	41	37.56	37	39	0.903	0.03012	0.319	437.851
VBS55219-6781STDY12150334	21.66	21	21	21.83	21	22	22.06	22	22	21.11	21	21	21.48	21	21	21.64	20	21	0.895	0.02994	0.411	327.761
VBS55220-6781STDY12150335	33.6	34	34	33.81	34	34	34.34	35	35	32.84	33	34	33.37	34	34	32.99	32	33	0.901	0.03006	0.297	309.148
VBS55221-6781STDY12150336	33.78	34	35	34.19	34	35	34.48	35	36	33.2	34	35	33.57	34	35	32.33	32	34	0.901	0.03003	0.312	325.642
VBS55222-6781STDY12150337	31.59	32	33	31.92	32	33	32.16	33	33	31.08	32	33	31.5	32	33	30.34	29	31	0.901	0.03003	0.299	305.072
VBS55223-6781STDY12150338	34.09	35	35	34.55	35	35	34.8	35	36	33.46	34	35	33.85	34	35	32.74	32	34	0.902	0.03015	0.211	179.436
VBS55224-6781STDY12150339	32.96	33	34	33.44	34	34	33.6	34	35	32.39	33	34	32.62	33	34	31.87	31	33	0.902	0.03011	0.253	237.232
VBS55225-6781STDY12150340	30.81	31	32	31.21	31	32	31.34	32	32	30.4	31	32	30.53	31	32	29.82	29	31	0.901	0.0301	0.242	206.666
VBS55226-6781STDY12150341	43.88	45	46	44.44	45	46	44.65	46	47	43.32	45	46	43.74	45	46	41.67	42	44	0.906	0.03022	0.251	282.924
VBS55227-6781STDY12150342	40.99	42	43	41.53	42	43	41.65	42	43	40.41	42	43	40.87	42	43	39.16	39	41	0.904	0.03014	0.251	311.395
VBS55228-6781STDY12150343	6.03	5	4	5.98	5	4	6.12	5	5	5.82	5	4	5.86	5	4	6.81	5	4	0.857	0.02953	3.174	3261.961
VBS55229-6781STDY12150344	34.72	35	36	35.02	35	36	35.46	36	37	33.88	35	36	34.55	35	36	33.84	33	34	0.903	0.03007	0.375	486.432
VBS55230-6781STDY12150345	37.02	38	39	37.38	38	38	37.72	38	39	36.41	37	38	36.87	37	38	35.59	35	37	0.905	0.03009	1.444	4575.883
VBS55231-6781STDY12150346	38.15	39	40	38.67	39	40	38.93	40	40	37.45	38	40	37.85	39	40	36.7	36	39	0.903	0.0301	0.321	465.431
VBS55232-6781STDY12150347	36.62	37	38	37.0	37	38	37.28	38	39	36.03	37	38	36.52	37	38	35.2	35	36	0.902	0.0301	0.221	226.155
VBS55233-6781STDY12150348	27.91	28	28	28.18	28	29	28.46	28	29	27.38	28	28	27.72	28	28	27.12	26	27	0.899	0.02998	0.507	670.433
VBS55234-6781STDY12150349	36.29	37	38	36.7	37	38	36.86	37	38	35.81	37	38	36.3	37	38	34.53	34	36	0.903	0.03006	0.483	781.49
VBS55235-6781STDY12150350	39.79	41	42	40.16	41	41	40.65	41	42	39.03	40	41	39.66	40	41	38.21	38	40	0.903	0.03013	0.382	629.023
VBS55236-6781STDY12150351	34.45	35	36	34.83	35	36	35.0	35	36	34.03	35	36	34.36	35	36	32.95	32	34	0.901	0.03007	0.289	293.926
VBS55237-6781STDY12150352	34.62	35	36	34.9	35	36	35.29	36	37	34.0	35	36	34.47	35	36	33.58	33	34	0.903	0.03003	0.723	1462.491
VBS55238-6781STDY12150353	32.93	33	34	33.27	34	34	33.54	34	35	32.44	33	34	32.73	33	34	31.78	31	33	0.903	0.03007	0.694	1182.658
VBS55239-6781STDY12150354	33.02	33	34	33.26	34	34	33.71	34	35	32.38	33	34	32.84	33	34	32.05	31	33	0.903	0.03	0.803	1753.917
VBS55240-6781STDY12150355	26.67	27	27	26.91	27	27	27.29	27	28	26.13	26	27	26.3	26	27	26.2	25	26	0.898	0.03005	0.548	561.332
VBS55241-6781STDY12150356	34.81	35	36	35.1	35	36	35.73	36	36	33.99	34	35	34.46	35	35	33.9	33	34	0.901	0.03011	0.785	1720.935
VBS55242-6781STDY12150357	33.83	34	35	34.06	34	35	34.59	35	36	33.15	34	35	33.55	34	35	33.05	32	34	0.903	0.02998	1.192	3268.676
VBS55243-6781STDY12150358	31.93	32	33	32.02	32	33	32.54	33	33	31.26	32	33	31.8	32	33	31.55	30	32	0.904	0.03001	1.651	4472.936
VBS55244-6781STDY12150359	37.34	38	39	37.69	38	39	38.12	39	39	36.55	37	38	37.15	38	38	36.19	35	37	0.903	0.03002	0.539	1058.033
VBS55245-6781STDY12150360	29.88	30	31	30.13	30	31	30.43	31	31	29.42	30	31	29.68	30	31	29.02	28	30	0.901	0.02998	0.839	1623.781
VBS55246-6781STDY12150361	35.92	36	37	36.26	37	37	36.65	37	38	35.25	36	37	35.78	36	37	34.58	34	36	0.902	0.03008	0.369	533.203
VBS55247-6781STDY12150362	38.01	39	40	38.45	39	40	38.69	39	40	37.34	38	39	37.88	39	40	36.56	36	38	0.903	0.03005	0.664	1571.329
VBS55248-6781STDY12150363	40.13	40	40	40.4	40	40	41.14	41	42	39.32	40	40	39.54	40	40	39.58	38	40	0.903	0.03018	0.245	227.631
VBS55249-6781STDY12150364	32.9	33	33	33.06	33	33	33.93	34	34	31.79	32	33	32.34	32	33	33.12	32	32	0.903	0.02997	1.401	3994.087
VBS55250-6781STDY12150365	44.22	45	46	44.58	45	46	45.47	46	47	43.07	44	45	43.81	45	46	42.91	43	45	0.905	0.03009	0.456	938.951
VBS55251-6781STDY12150366	2.38	2	2	2.3	2	2	2.32	2	2	2.29	2	2	2.28	2	2	3.26	2	2	0.38	0.02658		
VBS55252-6781STDY12150367	42.92	44	44	43.25	44	44	44.06	45	45	41.97	43	44	42.29	43	44	42.27	42	44	0.907	0.03017	1.522	5493.957
VBS55253-6781STDY12150368	39.28	40	41	39.67	40	41	40.02	41	41	38.48	39	41	39.15	40	41	38.02	37	40	0.903	0.03009	0.524	989.849
VBS55254-6781STDY12150369	38.16	39	40	38.6	39	40	38.99	40	40	37.47	38	40	37.92	39	40	36.61	36	38	0.906	0.03012	1.04	2668.995
VBS55255-6781STDY12150370	45.12	46	48	45.65	46	48	46.16	47	49	44.37	46	47	44.64	46	47	43.43	43	47	0.905	0.0302	0.324	454.049
VBS55256-6781STDY12150371	39.27	40	41	39.71	40	41	40.29	41	41	38.41	39	40	38.71	39	40	38.34	38	40	0.904	0.03013	0.267	285.999
VBS55257-6781STDY12150372	32.58	33	34	32.85	33	33	33.39	34	34	31.74	32	33	32.33	33	34	31.8	31	33	0.904	0.02997	1.544	4392.803
VBS55258-6781STDY12150373	38.17	37	37	38.67	38	38	38.28	38	37	38.52	38	38	38.66	38	38	34.72	32	33	0.902	0.03011	0.536	1034.876
VBS55259-6781STDY12150374	26.68	27	27	26.93	27	27	27.61	28	28	25.81	26	26	26.29	26	27	26.03	25	26	0.898	0.02995	0.289	254.525
VBS55260-6781STDY12150375	26.86	27	28	27.1	27	28	27.37	28	28	26.46	27	27	26.89	27	28	25.42	24	25	0.898	0.02995	0.473	538.893
VBS55261-6781STDY12150376	35.65	36	37	36.08	36	37	36.25	37	37	35.39	36	37	35.69	36	37	33.26	32	34	0.902	0.03011	0.343	388.742
VBS55262-6781STDY12150377	24.73	25	25	24.96	25	25	25.26	25	26	24.33	25	25	24.67	25	25	23.56	22	23	0.898	0.03001	0.627	677.664
VBS55263-6781STDY12150378	24.95	25	26	25.24	25	26	25.39	26	26	24.62	25	26	24.99	25	26	23.49	22	24	0.897	0.02996	0.353	312.463
VBS55264-6781STDY12150379	33.35	27	17	33.89	28	18	32.22	26	17	35.33	29	17	34.17	28	19	29.36	22	12	0.897	0.03045	0.555	848.775
VBS55265-6781STDY12150380	36.73	36	35	37.18	36	35	37.03	36	36	36.89	36	36	36.85	36	36	34.03	32	30	0.901	0.03019	0.353	452.879
VBS55266-6781STDY12150381	31.25	31	32	31.61	32	32	32.16	32	33	30.47	31	31	30.8	31	32	30.3	29	31	0.9	0.03007	0.386	424.507
VBS55267-6781STDY12150382	32.24	33	33	32.67	33	34	33.29	34	34	31.42	32	33	31.87	32	33	30.57	30	32	0.9	0.02997	1.182	3104.34
VBS55268-6781STDY12150383	26.89	27	28	27.15	27	28	27.39	28	28	26.51	27	27	26.79	27	28	25.73	24	26	0.9	0.03007	0.809	1220.627
VBS55269-6781STDY12150384	31.8	32	33	32.19	32	33	32.41	33	33	31.4	32	33	31.77	32	33	29.89	29	30	0.9	0.03014	0.64	1060.884
VBS55270-6781STDY12150385	37.96	38	38	38.37	38	38	38.33	38	38	37.96	38	38	38.12	38	38	35.42	34	34	0.903	0.03008	1.299	4115.984
VBS55271-6781STDY12150386	49.08	48	46	49.81	48	46	48.91	48	46	49.96	49	46	49.61	48	46	44.71	42	39	0.904	0.03035	0.292	506.192
VBS55272-6781STDY12150387	29.63	30	30	29.92	30	30	30.25	31	31	29.16	30	30	29.43	30	30	28.55	28	29	0.9	0.0301	0.383	356.298
VBS55273-6781STDY12150388	31.77	32	32	32.03	32	32	32.45	32	33	31.25	31	31	31.37	31	32	31.12	30	30	0.9	0.03011	0.306	299.244
VBS55274-6781STDY12150389	29.13	29	30	29.34	29	30	29.86	30	31	28.49	29	29	28.68	29	30	28.91	28	29	0.9	0.03012	0.398	378.027
VBS55275-6781STDY12150390	35.32	36	37	35.69	36	37	36.2	37	37	34.56	35	36	34.87	35	36	34.44	34	36	0.902	0.03015	0.355	400.354
VBS55276-6781STDY12150391	40.97	42	43	41.46	42	43	41.77	43	43	40.29	41	43	40.75	42	43	39.37	39	42	0.904	0.03022	0.313	366.213
VBS55277-6781STDY12150392	37.88	38	39	38.19	38	39	38.74	39	40	37.11	38	39	37.59	38	39	36.78	36	37	0.902	0.03004	0.766	1893.798
VBS55278-6781STDY12150393	37.56	38	39	37.95	38	39	38.3	39	40	36.98	38	39	37.43	38	39	35.91	35	37	0.903	0.03013	0.501	732.318
VBS55279-6781STDY12150394	31.64	32	33	31.92	32	33	32.23	33	33	31.12	32	33	31.51	32	33	30.6	30	31	0.901	0.03014	0.78	1619.558
VBS55280-6781STDY12150395	35.14	36	36	35.5	36	36	35.83	36	37	34.57	35	36	34.92	35	36	33.92	33	34	0.902	0.03013	0.42	496.21
VBS55281-6781STDY12150396	32.55	33	33	32.87	33	33	33.16	33	34	31.92	32	33	32.38	33	33	31.7	30	32	0.901	0.03001	0.963	2255.653
VBS55282-6781STDY12150397	33.98	34	35	34.29	35	35	35.1	36	36	32.99	34	35	33.49	34	35	33.08	32	34	0.902	0.03002	0.519	868.646
VBS55283-6781STDY12150398	39.12	39	40	39.45	39	40	39.88	40	40	38.49	39	40	38.78	39	39	38.13	37	38	0.902	0.03009	0.243	279.829
VBS55284-6781STDY12150401	33.99	34	34	34.28	34	34	34.74	35	35	33.36	34	34	33.6	34	34	33.32	32	33	0.9	0.03014	0.251	258.292
VBS55285-6781STDY12150402	33.22	34	34	33.5	34	34	33.93	34	35	32.54	33	34	33.04	33	34	32.2	31	33	0.903	0.03011	0.365	377.239
VBS55286-6781STDY12150403	34.29	35	36	34.62	35	36	34.89	35	36	33.72	34	35	34.24	35	36	32.95	32	34	0.902	0.03006	0.368	450.077
VBS55287-6781STDY12150404	35.11	35	36	35.35	35	36	35.93	36	37	34.37	35	36	34.8	35	36	34.37	33	34	0.901	0.03005	0.247	267.216
VBS55288-6781STDY12150405	37.25	38	39	37.71	38	39	38.02	39	40	36.64	38	39	37.05	38	39	35.56	35	37	0.903	0.03016	0.297	310.274
VBS55289-6781STDY12150406	40.94	41	42	41.34	42	42	41.68	42	43	40.39	41	42	40.83	41	42	39.17	38	41	0.903	0.03009	0.444	877.655
VBS55290-6781STDY12150407	39.28	40	41	39.7	40	40	40.21	41	42	38.51	39	40	38.81	39	41	38.27	38	39	0.903	0.03017	0.303	371.166
VBS55291-6781STDY12150408	34.15	35	35	34.38	35	35	34.8	35	36	33.5	34	35	34.1	35	35	33.08	32	34	0.902	0.03007	0.273	258.701
VBS55292-6781STDY12150409	37.8	38	39	38.16	38	39	38.71	39	40	37.09	38	39	37.35	38	39	36.78	36	37	0.902	0.03011	0.271	302.661
VBS55293-6781STDY12150410	37.05	38	39	37.46	38	39	37.85	39	39	36.37	37	38	36.83	38	38	35.64	35	37	0.903	0.03006	0.345	470.795
VBS55294-6781STDY12150411	38.74	39	40	39.07	39	40	39.61	40	40	38.0	39	39	38.46	39	40	37.49	37	38	0.901	0.03008	0.263	338.303
VBS55295-6781STDY12150412	28.74	29	29	28.93	29	29	29.4	30	30	28.17	28	29	28.39	29	29	28.29	27	28	0.899	0.03006	0.495	521.975
VBS55296-6781STDY12150413	35.29	36	36	35.53	36	36	36.25	37	37	34.22	35	36	34.89	35	36	35.01	34	36	0.902	0.03002	0.337	463.301
VBS55297-6781STDY12150414	34.86	35	36	35.22	35	36	35.6	36	37	34.11	35	36	34.59	35	36	33.9	33	35	0.903	0.0301	0.888	2010.502
VBS55298-6781STDY12150415	41.45	42	43	41.76	42	43	42.27	43	44	40.56	42	43	41.36	42	43	40.2	40	42	0.904	0.03015	0.226	239.391
VBS55299-6781STDY12150416	34.35	35	36	34.71	35	35	35.09	36	36	33.68	34	35	34.0	35	35	33.49	33	35	0.902	0.03005	0.34	413.938
VBS55300-6781STDY12150417	35.9	36	37	36.19	36	37	36.66	37	38	35.15	36	37	35.58	36	37	35.2	34	36	0.903	0.03014	0.226	209.63
VBS55301-6781STDY12150418	41.22	42	42	41.51	42	43	42.17	43	44	40.4	41	42	40.92	42	42	40.06	39	41	0.905	0.03003	1.192	4195.772
VBS55302-6781STDY12150419	35.9	36	37	36.15	36	37	36.88	37	38	34.85	35	36	35.58	36	37	35.26	34	35	0.903	0.03003	0.336	427.654
VBS55303-6781STDY12150420	12.61	10	2	12.51	10	2	13.35	11	2	11.73	9	2	12.29	10	2	13.06	6	2	0.46	0.04366	2.99	8404.095
VBS55304-6781STDY12150421	32.37	33	33	32.66	33	33	33.25	34	34	31.66	32	33	31.86	32	33	31.77	31	32	0.901	0.03009	0.369	385.077
VBS55305-6781STDY12150422	33.55	34	34	33.75	34	34	34.59	35	35	32.57	33	34	32.99	33	34	33.32	32	34	0.902	0.03006	0.294	334.663
VBS55306-6781STDY12150423	33.69	34	35	33.98	34	35	34.46	35	36	32.98	34	34	33.38	34	35	32.93	32	34	0.902	0.03008	0.222	177.333
VBS55307-6781STDY12150424	31.45	32	32	31.75	32	32	32.09	32	33	30.85	31	32	31.2	32	32	30.65	30	31	0.902	0.03009	0.334	358.367
VBS55308-6781STDY12150425	38.06	39	40	38.39	39	40	38.78	39	40	37.54	38	39	37.79	38	39	36.83	36	38	0.904	0.03013	0.241	225.413
VBS55309-6781STDY12150426	37.11	38	39	37.42	38	38	37.97	39	39	36.33	37	38	36.72	37	38	36.33	36	38	0.904	0.03011	1.088	3032.426
VBS55310-6781STDY12150427	31.85	32	33	32.11	32	33	32.69	33	33	31.13	32	32	31.4	32	32	31.26	30	32	0.903	0.0301	1.208	2759.049
VBS55311-6781STDY12150428	20.63	20	20	20.79	20	20	21.14	21	21	20.08	20	20	20.27	20	20	20.73	19	20	0.895	0.03003	0.586	517.151
VBS55312-6781STDY12150429	34.14	34	35	34.41	35	35	35.19	36	36	33.12	34	35	33.55	34	35	33.86	33	35	0.902	0.03012	0.24	203.699
VBS55313-6781STDY12150430	37.03	37	37	37.37	37	37	37.69	38	38	36.4	37	37	36.89	37	37	35.82	34	35	0.901	0.03006	0.229	236.57
VBS55314-6781STDY12150431	29.35	29	30	29.57	30	30	30.13	30	30	28.59	29	29	28.98	29	30	28.98	28	29	0.9	0.03011	0.481	673.403
VBS55315-6781STDY12150432	30.3	31	31	30.47	31	31	31.0	31	32	29.69	30	31	29.93	30	31	29.94	29	30	0.901	0.03007	0.317	306.984
VBS55316-6781STDY12150433	37.84	38	39	38.21	39	39	38.65	39	40	37.04	38	39	37.5	38	39	36.98	36	38	0.904	0.03001	0.745	1867.526
VBS55317-6781STDY12150434	36.4	37	38	36.67	37	38	37.14	38	38	35.72	37	37	36.25	37	38	35.3	35	36	0.902	0.03007	0.304	357.059
VBS55318-6781STDY12150435	34.29	35	36	34.61	35	36	35.05	36	36	33.67	34	35	34.11	35	36	32.93	32	34	0.903	0.03013	0.399	471.076
VBS55319-6781STDY12150436	35.01	35	36	35.37	36	36	35.72	36	37	34.35	35	36	34.74	35	36	34.0	33	35	0.901	0.03014	0.221	233.173
VBS55320-6781STDY12150437	28.84	29	30	29.02	29	30	29.6	30	30	28.01	28	29	28.62	29	29	28.29	27	28	0.9	0.02996	0.286	281.554
VBS55321-6781STDY12150438	36.76	37	38	37.09	38	38	37.53	38	39	36.18	37	38	36.44	37	38	35.66	35	37	0.903	0.03016	0.233	200.72
VBS55322-6781STDY12150439	36.72	37	38	37.09	38	38	37.49	38	39	36.15	37	38	36.48	37	38	35.33	35	37	0.903	0.03014	0.268	277.349
VBS55323-6781STDY12150440	33.54	34	35	33.93	34	35	34.16	35	35	33.08	34	35	33.34	34	35	32.17	31	34	0.902	0.03013	0.64	1252.286
VBS55324-6781STDY12150441	39.47	40	41	39.89	40	41	40.28	41	42	38.75	40	40	39.18	40	41	38.19	38	40	0.904	0.03009	0.56	1241.72
VBS55325-6781STDY12150442	28.01	28	29	28.16	28	29	28.81	29	29	27.22	27	28	27.68	28	28	27.66	27	28	0.899	0.03011	0.675	1117.404
VBS55326-6781STDY12150443	37.02	38	39	37.35	38	39	37.85	38	39	36.34	37	38	36.73	37	38	35.81	35	38	0.904	0.03015	0.276	294.349
VBS55327-6781STDY12150444	40.35	41	42	40.77	41	42	41.4	42	43	39.44	40	42	39.87	41	42	39.23	39	41	0.904	0.03017	0.284	313.749
VBS55328-6781STDY12150445	37.61	38	39	37.92	38	39	38.7	39	40	36.59	37	38	37.24	38	39	36.6	36	38	0.902	0.03018	0.258	268.673
VBS55329-6781STDY12150446	37.7	38	39	37.99	38	39	38.27	39	40	37.28	38	39	37.75	38	39	36.05	35	38	0.903	0.03018	0.287	336.004
VBS55330-6781STDY12150447	26.25	26	27	26.44	26	27	26.81	27	27	25.68	26	27	26.0	26	27	25.92	25	26	0.9	0.03005	1.191	2093.798
VBS55331-6781STDY12150448	34.01	34	35	34.32	35	35	34.85	35	36	33.42	34	35	33.62	34	35	32.87	32	34	0.902	0.03012	0.448	537.934
VBS55332-6781STDY12150449	38.88	40	41	39.26	40	40	39.72	40	41	38.0	39	40	38.68	39	40	37.65	37	40	0.903	0.03006	0.51	773.183
VBS55333-6781STDY12150450	33.47	34	34	33.75	34	35	34.18	35	35	32.74	33	34	33.33	34	34	32.45	31	33	0.901	0.03004	0.687	1061.373
VBS55334-6781STDY12150451	31.73	32	33	31.99	32	33	32.28	33	33	31.13	32	33	31.77	32	33	30.53	30	31	0.902	0.03005	1.239	2896.324
VBS55335-6781STDY12150452	26.95	27	27	27.07	27	27	27.83	28	28	25.94	26	26	26.46	26	27	27.26	26	27	0.897	0.03001	0.358	313.268
VBS55336-6781STDY12150453	32.22	27	21	32.6	27	22	31.16	26	21	33.65	28	21	32.87	28	22	29.97	24	18	0.898	0.03031	1.016	2061.884
VBS55337-6781STDY12150454	34.9	35	36	35.24	36	36	35.56	36	37	34.38	35	36	34.7	35	36	33.66	33	35	0.903	0.03017	0.531	749.235
VBS55338-6781STDY12150455	42.26	43	44	42.62	43	44	42.92	44	45	41.7	43	44	42.37	43	44	40.22	40	43	0.904	0.03011	0.414	668.08
VBS55339-6781STDY12150456	30.28	30	31	30.52	31	31	30.94	31	32	29.61	30	31	30.06	30	31	29.57	28	30	0.901	0.03012	0.622	830.267
VBS55340-6781STDY12150457	38.47	39	40	38.84	39	40	39.42	40	41	37.62	38	39	38.01	39	40	37.55	37	39	0.903	0.03017	0.394	494.919
VBS55341-6781STDY12150458	34.91	35	36	35.25	36	36	35.64	36	37	34.36	35	36	34.79	35	36	33.35	33	35	0.902	0.03005	0.538	856.107
VBS55342-6781STDY12150459	39.29	40	41	39.71	40	41	40.09	40	41	38.75	39	40	39.16	40	41	37.2	36	38	0.902	0.03007	0.362	523.216
VBS55343-6781STDY12150460	37.63	38	39	38.02	39	39	38.3	39	40	36.92	38	39	37.66	38	39	35.98	35	38	0.902	0.03003	0.349	451.395
VBS55344-6781STDY12150461	35.81	36	37	36.1	37	37	36.61	37	38	35.16	36	37	35.56	36	37	34.63	34	36	0.902	0.03005	0.34	419.795
VBS55345-6781STDY12150462	32.74	33	34	33.07	33	34	33.32	34	35	32.14	33	34	32.74	33	34	31.41	31	33	0.902	0.02997	0.864	1834.326
VBS55346-6781STDY12150463	44.8	46	47	45.18	46	47	45.86	47	47	43.82	45	46	44.42	45	46	43.65	43	46	0.904	0.03023	0.564	1305.826
VBS55347-6781STDY12150464	32.15	32	33	32.48	33	33	32.7	33	34	31.64	32	33	32.11	33	33	30.82	30	31	0.901	0.03004	0.359	379.627
VBS55348-6781STDY12150465	37.05	38	39	37.36	38	38	37.89	38	39	36.33	37	38	36.76	37	38	35.98	35	38	0.903	0.03016	0.367	419.886
VBS55349-6781STDY12150466	33.28	34	34	33.45	34	34	33.92	34	35	32.64	33	34	33.17	34	34	32.5	32	33	0.901	0.03007	0.372	442.91
VBS55350-6781STDY12150467	31.38	32	32	31.65	32	32	32.02	32	33	30.72	31	32	31.24	32	32	30.41	29	31	0.902	0.0301	0.442	463.217
VBS55351-6781STDY12150468	40.11	41	42	40.5	41	42	40.91	42	43	39.42	41	41	39.97	41	42	38.53	38	40	0.904	0.03019	0.304	351.917
VBS55352-6781STDY12150469	28.23	28	29	28.43	28	28	29.01	29	29	27.46	28	28	27.76	28	28	28.12	27	28	0.898	0.02997	0.672	1058.1
VBS55353-6781STDY12150470	33.33	34	34	33.61	34	34	34.15	34	35	32.53	33	34	33.01	33	34	32.64	32	33	0.901	0.03003	0.323	339.088
VBS55354-6781STDY12150471	33.5	34	35	33.74	34	35	34.12	35	35	32.86	34	35	33.39	34	35	32.6	32	34	0.902	0.03014	0.413	481.829
VBS55355-6781STDY12150472	36.1	37	38	36.46	37	38	36.84	37	38	35.49	36	37	35.81	36	37	34.89	34	36	0.903	0.03015	0.297	297.04
VBS55356-6781STDY12150473	32.82	33	34	33.19	33	34	33.44	34	35	32.27	33	34	32.73	33	34	31.36	31	33	0.902	0.03004	0.568	785.218
VBS55357-6781STDY12150474	33.73	34	35	33.99	34	35	34.56	35	36	32.93	33	34	33.31	34	35	33.34	32	34	0.901	0.03014	0.336	352.412
VBS55358-6781STDY12150475	31.27	32	32	31.56	32	32	31.91	32	33	30.68	31	32	30.99	31	32	30.52	30	31	0.901	0.03002	0.397	476.941
VBS55359-6781STDY12150476	38.64	39	40	39.05	40	40	39.36	40	41	38.12	39	40	38.45	39	40	37.01	37	39	0.902	0.03008	0.319	408.277
VBS55360-6781STDY12150477	35.57	36	37	35.94	36	37	36.71	37	38	34.62	35	36	35.04	36	37	34.5	34	36	0.905	0.03001	1.643	5269.43
VBS55361-6781STDY12150478	32.47	33	34	32.68	33	33	33.09	33	34	32.03	33	33	32.29	33	33	31.45	31	33	0.902	0.03011	0.287	282.925
VBS55362-6781STDY12150479	40.36	41	42	40.94	41	42	41.06	42	43	39.89	41	42	40.13	41	42	38.41	38	40	0.903	0.03015	0.341	440.875
VBS55363-6781STDY12150480	27.29	27	27	27.5	27	27	28.03	28	28	26.58	27	27	26.81	27	27	27.19	26	27	0.9	0.03005	0.384	372.047
VBS55364-6781STDY12150481	38.14	39	40	38.47	39	39	39.06	40	40	37.16	38	39	37.67	38	39	37.72	37	39	0.902	0.03007	0.361	511.288
VBS55365-6781STDY12150482	28.7	29	29	28.96	29	29	29.22	29	30	28.16	28	29	28.54	29	29	28.04	27	28	0.9	0.02999	0.32	305.253
VBS55366-6781STDY12150483	38.12	39	40	38.59	39	40	39.0	40	41	37.44	38	39	37.77	39	40	36.6	36	38	0.904	0.03016	0.31	332.969
VBS55367-6781STDY12150484	8.61	4	2	8.48	4	2	7.81	4	2	9.64	5	2	8.75	4	2	8.54	4	2	0.5	0.03244	0.387	268.956
VBS55368-6781STDY12150485	42.13	43	44	42.62	43	44	43.27	44	45	41.13	42	44	41.69	43	44	40.66	40	44	0.905	0.03015	0.404	617.107
VBS55369-6781STDY12150486	37.01	38	39	37.41	38	39	37.76	38	39	36.43	37	39	36.87	38	39	35.29	35	37	0.904	0.03015	0.459	655.049
VBS55370-6781STDY12150487	37.22	38	39	37.68	38	39	37.82	39	39	36.83	38	39	37.12	38	39	35.32	35	37	0.903	0.03006	0.385	568.555
VBS55371-6781STDY12150488	38.35	39	40	38.75	39	40	39.2	40	41	37.63	39	40	38.01	39	40	37.13	37	39	0.904	0.03016	0.33	388.95
VBS55372-6781STDY12150489	37.81	38	40	38.2	39	39	38.55	39	40	37.23	38	40	37.68	38	40	36.07	36	38	0.903	0.03018	0.316	387.961
VBS55373-6781STDY12150490	34.82	35	36	35.18	35	36	35.38	36	36	34.33	35	36	34.78	35	36	33.33	32	34	0.902	0.02999	1.011	2581.887
VBS55374-6781STDY12150491	35.23	36	37	35.59	36	36	35.88	36	37	34.74	36	36	35.08	36	37	33.76	33	35	0.903	0.03011	0.317	338.047
VBS55375-6781STDY12150492	34.01	34	35	34.28	35	35	34.83	35	36	33.24	34	35	33.75	34	35	33.09	32	34	0.902	0.0301	0.39	424.968
VBS55376-6781STDY12150493	36.98	37	38	37.35	38	38	37.75	38	39	36.33	37	38	36.71	37	38	35.71	35	37	0.903	0.0301	0.333	396.852
VBS55377-6781STDY12150494	29.8	30	31	30.07	30	30	30.43	31	31	29.21	30	31	29.47	30	30	29.21	28	29	0.901	0.03005	0.333	305.025
VBS55378-6781STDY12150497	39.31	40	41	39.77	40	41	40.09	41	42	38.7	40	41	39.03	40	41	37.77	37	40	0.903	0.03016	0.272	288.448
VBS55379-6781STDY12150498	32.77	33	34	33.12	33	34	33.4	34	34	32.24	33	34	32.49	33	34	31.8	31	33	0.902	0.03011	0.352	367.26
VBS55380-6781STDY12150499	33.07	33	34	33.38	34	34	33.76	34	35	32.5	33	34	32.87	33	34	31.92	31	33	0.901	0.03015	0.374	437.06
VBS55381-6781STDY12150500	31.95	32	33	32.26	32	33	32.51	33	33	31.46	32	33	31.78	32	33	30.93	30	32	0.9	0.03002	0.343	419.281
VBS55382-6781STDY12150501	36.21	36	37	36.66	37	37	36.9	37	38	35.79	36	37	35.94	36	37	34.62	34	35	0.902	0.03013	0.366	430.638
VBS55383-6781STDY12150502	33.08	33	34	33.41	34	34	33.69	34	35	32.4	33	34	32.96	33	34	32.12	31	33	0.902	0.03001	0.502	826.787
VBS55384-6781STDY12150503	30.34	31	31	30.65	31	31	30.82	31	32	29.93	31	31	30.33	31	31	28.93	28	29	0.902	0.03002	0.938	1972.007
VBS55385-6781STDY12150504	40.81	41	42	41.22	42	42	41.67	42	43	40.15	41	42	40.46	41	42	39.46	39	41	0.903	0.03019	0.276	305.558
VBS55386-6781STDY12150505	40.05	41	42	40.52	41	42	40.85	42	43	39.43	41	42	39.8	41	42	38.44	38	41	0.904	0.03017	0.392	493.137
VBS55387-6781STDY12150506	30.78	31	32	31.0	31	32	31.49	32	32	30.14	31	31	30.61	31	32	29.76	29	31	0.901	0.03002	0.361	377.33
VBS55388-6781STDY12150507	32.89	33	34	33.14	33	34	33.49	34	35	32.33	33	34	32.81	33	34	31.82	31	33	0.901	0.03003	0.355	420.712
VBS55389-6781STDY12150508	35.62	36	37	35.97	36	37	36.3	37	38	35.06	36	37	35.42	36	37	34.34	34	36	0.902	0.03007	0.321	389.21
VBS55390-6781STDY12150509	33.94	34	35	34.09	34	35	34.61	35	36	33.37	34	35	33.86	34	35	32.87	32	34	0.902	0.03005	0.441	597.401
VBS55391-6781STDY12150510	37.87	39	40	38.27	39	39	38.67	39	40	37.27	38	39	37.52	38	40	36.55	36	38	0.903	0.03016	0.299	331.433
VBS55392-6781STDY12150511	39.77	40	41	40.19	41	41	40.7	41	42	38.88	40	41	39.36	40	41	38.77	38	40	0.904	0.03021	0.576	1266.364
VBS55393-6781STDY12150512	42.53	43	45	42.95	44	44	43.5	44	46	41.82	43	44	42.15	43	44	41.01	41	43	0.905	0.03017	0.3	379.2
VBS55394-6781STDY12150513	43.61	45	46	44.16	45	46	44.65	46	47	42.89	44	45	43.17	44	46	41.69	41	44	0.906	0.03019	0.286	360.407
VBS55395-6781STDY12150514	37.62	38	39	37.99	39	39	38.47	39	40	37.01	38	39	37.31	38	39	36.2	36	37	0.903	0.03014	0.384	465.515
VBS55396-6781STDY12150515	35.61	36	37	35.93	36	37	36.4	37	37	34.75	36	36	35.4	36	37	34.66	34	36	0.902	0.03007	0.328	374.083
VBS55397-6781STDY12150516	31.8	32	33	32.03	32	33	32.58	33	34	31.09	32	32	31.6	32	33	30.86	30	32	0.9	0.03005	0.628	935.784
VBS55398-6781STDY12150517	35.69	36	37	35.95	36	37	36.5	37	38	34.98	36	37	35.46	36	37	34.59	34	36	0.903	0.03011	0.312	318.29
VBS55399-6781STDY12150518	40.06	41	41	40.48	41	41	41.16	42	43	39.19	40	41	39.48	40	41	38.93	38	40	0.904	0.03016	0.42	647.286
VBS55400-6781STDY12150519	39.74	40	41	40.04	40	41	40.73	41	42	38.74	39	41	39.39	40	41	38.91	38	40	0.904	0.03006	0.547	1137.225
VBS55401-6781STDY12150520	39.61	40	41	40.07	41	41	40.54	41	42	38.84	40	41	39.32	40	41	38.01	37	39	0.904	0.03016	0.447	636.706
VBS55402-6781STDY12150521	36.34	37	38	36.75	37	38	37.25	38	38	35.54	36	37	35.93	37	38	35.25	34	37	0.904	0.03015	0.525	746.16
VBS55403-6781STDY12150522	43.53	44	45	43.98	44	45	44.38	45	46	43.03	44	45	43.31	44	45	41.44	41	43	0.903	0.03017	0.342	509.311
VBS55404-6781STDY12150523	51.01	52	53	51.68	52	53	52.03	53	54	50.47	52	53	50.82	52	53	47.86	47	49	0.906	0.03026	0.344	492.53
VBS55405-6781STDY12150524	36.28	37	38	36.59	37	38	37.05	38	38	35.57	36	37	36.15	37	38	34.97	34	36	0.904	0.03012	0.461	591.926
VBS55406-6781STDY12150525	26.79	26	26	26.85	26	26	27.88	27	27	25.63	25	25	26.03	26	26	27.64	26	25	0.897	0.02994	0.454	513.251
VBS55407-6781STDY12150526	37.35	38	39	37.61	38	39	38.25	39	40	36.49	37	38	37.11	38	39	36.34	36	38	0.903	0.03004	0.382	493.702
VBS55408-6781STDY12150527	42.56	43	44	42.96	43	44	43.47	44	45	41.71	43	44	42.25	43	44	41.37	41	42	0.904	0.03011	0.343	527.683
VBS55409-6781STDY12150528	32.47	33	34	32.79	33	34	33.19	34	34	31.88	33	33	32.19	33	34	31.48	31	33	0.902	0.03007	1.029	2168.446
VBS55410-6781STDY12150529	34.44	35	36	34.79	35	36	35.26	36	37	33.82	34	35	34.16	35	35	33.09	32	34	0.903	0.0301	0.812	1414.597
VBS55411-6781STDY12150530	30.58	31	31	30.9	31	31	31.21	31	32	30.07	30	31	30.3	31	31	29.71	29	30	0.901	0.03009	0.58	700.247
VBS55412-6781STDY12150531	33.81	34	35	34.19	35	35	34.64	35	36	33.01	34	35	33.41	34	35	33.11	32	34	0.902	0.03013	0.232	217.959
VBS55413-6781STDY12150532	24.94	25	25	25.15	25	25	25.41	25	26	24.49	24	25	24.66	25	25	24.59	23	24	0.897	0.03005	0.472	400.098
VBS55414-6781STDY12150533	45.36	46	48	45.87	47	48	46.52	47	49	44.41	46	47	44.88	46	48	43.81	44	47	0.905	0.03017	0.902	2657.468
VBS55415-6781STDY12150534	39.22	40	41	39.65	40	41	40.25	41	42	38.35	39	41	38.93	40	41	37.61	37	40	0.902	0.0301	0.291	345.94
VBS55416-6781STDY12150535	42.75	44	45	43.2	44	45	43.68	45	46	42.14	43	45	42.37	43	45	41.03	41	43	0.905	0.03016	0.556	1176.713
VBS55417-6781STDY12150536	43.6	45	46	44.06	45	46	44.55	46	47	42.68	44	45	43.3	44	46	42.24	42	45	0.904	0.03022	0.243	290.064
VBS55418-6781STDY12150537	40.81	42	43	41.27	42	43	41.63	42	43	40.03	41	42	40.58	41	43	39.35	39	41	0.902	0.0302	0.294	426.669
VBS55419-6781STDY12150538	31.58	32	33	31.86	32	32	32.48	33	33	30.81	31	32	31.11	32	32	30.96	30	31	0.901	0.03004	0.263	224.613
VBS55420-6781STDY12150539	54.71	57	61	55.23	57	61	56.76	59	63	52.59	55	60	53.89	56	61	53.59	54	60	0.902	0.03016	0.215	300.619
VBS55421-6781STDY12150540	39.17	40	41	39.61	40	41	40.05	41	42	38.32	39	41	38.86	40	41	37.9	37	40	0.901	0.03005	0.243	280.222
VBS55422-6781STDY12150541	41.77	43	44	42.38	43	44	42.75	44	45	41.0	42	44	41.33	42	44	40.06	40	42	0.903	0.03016	0.285	349.478
