midpoint	h12
118145.857	0.017
260673.9405	0.017
397249.3585	0.017
528385.9565	0.017
694556.7625	0.017
811626.1755	0.017
938496.9895	0.017
1030925.927	0.017
1162250.882	0.017
1269107.651	0.017
1392232.1805	0.017
1524601.387	0.017
1593953.9225	0.017
1689370.834	0.018
1777708.717	0.017
1898526.721	0.017
1986085.8115	0.018
2061230.1885	0.017
2135638.8325	0.021
2284713.05	0.017
2390681.0685	0.023
2466436.52	0.017
2551346.108	0.026
2617355.6565	0.022
2696009.176	0.033
2775991.5435	0.018
2854526.6735	0.02
2941611.4935	0.031
3022453.21	0.04
3091785.152	0.028
3167267.957	0.022
3236416.37	0.06
3288394.156	0.022
3362699.017	0.033
3418812.2205	0.043
3466695.4495	0.062
3515873.362	0.045
3569270.2085	0.038
3617347.9715	0.058
3666739.1315	0.042
3715335.0285	0.047
3760232.633	0.048
3815160.8205	0.045
3867683.0475	0.039
3909137.2645	0.047
3953047.2585	0.028
4054155.1385	0.021
4123590.9465	0.038
4162246.735	0.032
4206744.748	0.026
4248478.598	0.032
4291264.127	0.028
4328545.4455	0.026
4371683.2895	0.033
4419361.773	0.038
4461054.5385	0.037
4506349.919	0.052
4554929.023	0.029
4608857.1625	0.044
4683643.3285	0.03
4738140.9695	0.057
4777132.114	0.031
4811864.663	0.029
4854823.4635	0.062
4910648.199	0.041
4964151.72	0.037
5015278.4685	0.038
5169746.567	0.017
5351822.407	0.017
5494187.67	0.02
5529672.956	0.02
5576211.0765	0.017
5630582.556	0.02
5664814.966	0.023
5693258.771	0.022
5723107.072	0.026
5755558.204	0.025
5787560.5265	0.025
5820210.321	0.024
5865995.7005	0.021
5900868.0735	0.031
5933552.887	0.033
5987238.8665	0.023
6021021.5245	0.024
6057486.56	0.017
6096745.401	0.022
6133225.8205	0.022
6164883.7985	0.024
6190977.248	0.024
6220319.036	0.028
6248069.3515	0.028
6308114.421	0.017
6380437.409	0.031
6410503.3655	0.034
6440743.5235	0.052
6467391.0515	0.028
6497107.067	0.044
6525530.1235	0.032
6556650.834	0.049
6604576.967	0.03
6630493.143	0.037
6654854.235	0.039
6679314.9925	0.044
6705506.852	0.042
6728327.9915	0.042
6748140.7165	0.029
6770095.277	0.045
6794646.097	0.036
6817437.1015	0.036
6840863.8815	0.044
6862100.6195	0.046
6882759.445	0.026
6903359.2565	0.049
6925581.7265	0.051
6948498.4325	0.036
6978099.464	0.053
7003780.0565	0.022
7031075.4835	0.052
7061539.093	0.043
7086386.0065	0.024
7114080.402	0.042
7160507.8115	0.018
7201712.841	0.024
7242929.4505	0.035
7289342.182	0.063
7328460.374	0.035
7388347.4065	0.042
7462846.65	0.021
7539929.457	0.021
7577162.658	0.029
7611392.3685	0.048
7638457.1955	0.034
7664381.9245	0.054
7691260.531	0.039
7721821.1625	0.037
7762091.159	0.027
7796596.979	0.04
7828264.0535	0.039
7857464.0845	0.034
7886295.286	0.043
7913003.059	0.049
7939582.651	0.04
7963898.1185	0.042
7988750.29	0.042
8015063.66	0.039
8048497.7945	0.022
8069009.1325	0.033
8089635.754	0.029
8113514.4095	0.031
8137450.36	0.04
8161221.3765	0.024
8203928.244	0.032
8233465.0575	0.029
8262101.5	0.039
8292391.9445	0.021
8322190.8585	0.029
8396679.948	0.017
8550101.4165	0.017
8603880.244	0.028
8635800.6255	0.022
8670123.168	0.023
8700630.0905	0.049
8738604.924	0.029
8771577.215	0.026
8810529.5595	0.022
8851423.294	0.031
8882226.7355	0.031
8917913.704	0.059
8951203.087	0.044
8980721.046	0.045
9007750.111	0.026
9031825.0415	0.028
9061501.6945	0.05
9094892.307	0.041
9153879.3495	0.026
9187774.338	0.027
9216327.32	0.024
9247338.092	0.037
9288927.9765	0.029
9316150.546	0.023
9338259.787	0.038
9364576.117	0.03
9387883.868	0.028
9413030.26	0.033
9440065.004	0.036
9465473.6245	0.024
9491867.529	0.041
9519880.964	0.035
9548617.534	0.024
9571719.635	0.033
9594575.2485	0.023
9619986.754	0.02
9647528.3675	0.036
9670317.4985	0.042
9701744.7935	0.035
9746784.563	0.023
9774086.5215	0.03
9799751.8165	0.031
9825163.785	0.028
9848691.6865	0.033
9874339.7595	0.031
9900969.692	0.031
9930267.995	0.036
9958370.8205	0.021
9985759.883	0.025
10009679.71	0.021
10031841.2475	0.04
10053225.542	0.029
10076961.9265	0.04
10099691.861	0.036
10129828.6635	0.033
10165768.2445	0.021
10202268.441	0.022
10232237.9055	0.032
10258655.568	0.039
10285399.974	0.028
10316106.521	0.021
10344924.7515	0.022
10375670.897	0.021
10404134.589	0.022
10431156.1165	0.027
10454345.116	0.026
10478275.806	0.028
10501138.0125	0.027
10527350.2355	0.025
10554363.0635	0.017
10579108.7665	0.029
10609026.762	0.025
10628985.867	0.023
10647741.411	0.023
10667055.1845	0.024
10684977.17	0.032
10705067.897	0.034
10726852.349	0.022
10746321.185	0.023
10766562.8945	0.022
10786765.1645	0.026
10806510.759	0.023
10828743.236	0.023
10847529.2305	0.027
10864961.769	0.027
10882082.2595	0.033
10898863.546	0.028
10919797.7645	0.025
10944532.167	0.028
10975674.916	0.034
10994088.568	0.031
11014332.156	0.028
11031717.9105	0.024
11054629.581	0.02
11076112.7455	0.032
11103063.2245	0.05
11127018.074	0.028
11145503.562	0.034
11162347.022	0.023
11178425.688	0.036
11196368.985	0.027
11216227.222	0.029
11233894.3045	0.038
11253944.6	0.027
11276015.1585	0.028
11297482.7315	0.022
11316298.358	0.027
11334140.2475	0.026
11358683.172	0.026
11382166.0785	0.021
11401861.505	0.029
11437274.8605	0.017
11465432.8255	0.034
11491102.4585	0.027
11511367.27	0.031
11533977.9505	0.027
11558745.727	0.018
11585580.648	0.018
11607194.8785	0.024
11628152.292	0.029
11650479.7205	0.022
11670233.067	0.046
11688015.418	0.027
11705037.358	0.028
11723507.186	0.032
11740741.693	0.029
11757877.4765	0.031
11776879.2335	0.029
11795034.6425	0.025
11811621.0475	0.026
11827895.6975	0.037
11845761.78	0.035
11863195.436	0.025
11879593.06	0.022
11895652.4585	0.028
11912617.1995	0.023
11931142.2425	0.022
11948403.315	0.026
11968253.1965	0.03
11989602.571	0.028
12010631.327	0.024
12030433.179	0.029
12052465.467	0.037
12074626.3465	0.068
12099919.159	0.029
12127505.49	0.024
12152016.7975	0.028
12177706.214	0.028
12204300.6855	0.038
12228255.974	0.045
12255170.3635	0.031
12278533.6615	0.03
12302224.522	0.046
12325371.72	0.038
12348317.7135	0.02
12371473.1945	0.037
12396358.882	0.026
12422200.5245	0.034
12445023.9095	0.024
12470782.9115	0.035
12496029.863	0.045
12521503.8315	0.029
12547115.448	0.028
12568053.522	0.028
12586744.541	0.043
12607420.2355	0.036
12628337.765	0.026
12649809.947	0.031
12670788.0695	0.032
12691072.519	0.028
12716798.841	0.045
12736404.952	0.048
12755491.064	0.044
12772710.8435	0.037
12791760.304	0.023
12808763.9955	0.026
12825866.116	0.029
12844643.7385	0.031
12870709.7095	0.021
12893108.038	0.026
12910912.693	0.029
12931060.669	0.055
12954939.544	0.029
12978971.7475	0.022
13005351.2505	0.018
13038124.103	0.031
13064757.9155	0.023
13083485.5325	0.025
13104607.2415	0.032
13127020.043	0.021
13151206.116	0.024
13173221.9085	0.021
13200762.61	0.028
13235330.264	0.03
13256646.8895	0.035
13277048.449	0.032
13298652.0525	0.021
13322558.4505	0.036
13354171.5555	0.022
13402075.161	0.017
13473002.588	0.02
13511758.9635	0.024
13542606.997	0.023
13569558.6015	0.026
13599304.1895	0.024
13621818.6255	0.029
13645800.7405	0.029
13668853.0795	0.034
13693799.529	0.042
13718161.655	0.029
13745732.4465	0.024
13773133.0525	0.029
13795544.2435	0.027
13819503.285	0.023
13838943.33	0.041
13860096.3435	0.027
13890724.2695	0.02
13926412.189	0.017
13962832.9505	0.031
13983422.188	0.041
14004343.773	0.027
14024014.975	0.027
14048027.974	0.026
14071744.956	0.023
14090346.8155	0.039
14110732.8245	0.042
14131016.7315	0.03
14150015.0335	0.032
14169693.117	0.021
14192364.1905	0.031
14211587.5465	0.03
14229593.9725	0.036
14260235.97	0.02
14283231.5395	0.022
14302765.4545	0.026
14323039.631	0.029
14343551.9965	0.024
14369652.641	0.022
14391363.0055	0.032
14409051.9435	0.028
14425586.7055	0.026
14446009.219	0.025
14467124.77	0.022
14488748.4875	0.02
14510828.841	0.025
14531235.0595	0.031
14550653.268	0.024
14569600.894	0.028
14591265.9905	0.028
14614796.3645	0.025
14632121.006	0.03
14652098.9225	0.029
14675115.794	0.032
14697487.819	0.031
14722415.376	0.047
14745933.251	0.042
14768183.968	0.024
14788888.411	0.032
14813674.6835	0.027
14840234.9635	0.033
14861966.3735	0.032
14882877.06	0.028
14902296.6835	0.026
14924058.3975	0.026
14949944.437	0.018
14978783.1205	0.022
15002325.361	0.022
15022347.086	0.022
15042841.183	0.036
15061672.776	0.027
15082157.1725	0.024
15103150.428	0.032
15123372.3715	0.022
15145872.3805	0.026
15173778.0975	0.033
15198326.3235	0.043
15220238.475	0.026
15237852.413	0.05
15255728.4	0.039
15274140.9365	0.037
15292040.454	0.041
15311524.9565	0.062
15330306.8195	0.046
15353314.826	0.023
15373742.207	0.026
15393591.8685	0.033
15411711.4565	0.027
15430857.5985	0.033
15455421.2865	0.029
15478243.5155	0.027
15496369.169	0.032
15513229.718	0.031
15531579.073	0.036
15549685.0355	0.032
15568892.3575	0.026
15586764.642	0.028
15604684.306	0.022
15623794.9795	0.023
15643003.1015	0.036
15661028.8545	0.032
15677563.808	0.03
15694481.6005	0.024
15712656.0515	0.026
15730767.376	0.026
15747137.029	0.033
15766287.179	0.029
15784312.3105	0.029
15801312.093	0.03
15825145.8065	0.027
15840448.2335	0.034
15857633.163	0.031
15884304.272	0.021
15904548.4345	0.029
15920277.006	0.04
15939737.114	0.032
15959534.445	0.039
15983768.6085	0.041
16004951.7335	0.029
16025174.7	0.028
16048153.6895	0.033
16072759.54	0.041
16126603.3805	0.02
16153194.391	0.049
16170028.4405	0.029
16190775.916	0.037
16210373.134	0.03
16233821.718	0.028
16253858.6105	0.04
16281573.432	0.025
16305062.777	0.027
16321339.3335	0.027
16341198.564	0.022
16360971.392	0.02
16377458.5	0.024
16396113.5545	0.025
16415323.4195	0.023
16431452.555	0.022
16447859.2625	0.039
16465177.805	0.021
16486115.095	0.027
16506738.467	0.029
16525807.6645	0.033
16545165.1675	0.027
16562944.4805	0.046
16581415.4285	0.023
16597936.6535	0.036
16616519.1615	0.022
16639749.6865	0.031
16661506.7025	0.031
16685374.02	0.032
16708527.5725	0.029
16727441.991	0.028
16745604.0275	0.033
16765546.761	0.025
16784606.766	0.028
16802170.4725	0.023
16819858.8675	0.022
16839991.736	0.025
16864032.397	0.024
16890604.642	0.03
16914304.176	0.024
16937555.5025	0.028
16960781.1525	0.037
16983109.87	0.032
17004231.0055	0.03
17031149.9505	0.018
17061982.2195	0.033
17089974.3565	0.031
17118150.209	0.032
17138359.226	0.023
17159074.462	0.03
17177736.2665	0.033
17196481.038	0.033
17214339.2955	0.037
17233856.731	0.028
17253665.4435	0.026
17270292.8975	0.024
17287009.23	0.032
17304400.5815	0.031
17325762.631	0.027
17346520.476	0.02
17368192.3205	0.034
17387964.2435	0.024
17407141.736	0.029
17426395.9685	0.039
17446564.2765	0.018
17466752.4565	0.031
17484434.1565	0.034
17500686.1715	0.029
17517563.1355	0.017
17542750.125	0.018
17561196.921	0.026
17578331.4105	0.023
17596826.2045	0.026
17616084.1065	0.018
17633111.7935	0.021
17650876.6015	0.027
17666516.5075	0.028
17682167.8135	0.025
17702409.3945	0.021
17723261.226	0.024
17741020.9225	0.021
17766579.4955	0.027
17788976.1205	0.031
17808561.8115	0.024
17829609.6295	0.034
17848009.433	0.03
17872795.9795	0.024
17898711.7205	0.021
17918405.5405	0.024
17937219.757	0.023
17957055.246	0.021
17980435.9485	0.021
18000841.634	0.02
18026116.925	0.025
18046465.9095	0.024
18068254.6305	0.028
18099495.9885	0.018
18122573.5675	0.026
18147038.7995	0.024
18167334.825	0.024
18183884.196	0.029
18198754.799	0.026
18218493.908	0.026
18237608.0605	0.029
18255427.797	0.032
18276413.694	0.022
18298371.679	0.031
18318956.8295	0.027
18349046.716	0.028
18370007.18	0.02
18387146.991	0.027
18405131.778	0.028
18422016.032	0.03
18439581.217	0.022
18459676.9425	0.026
18478135.2725	0.022
18502888.738	0.024
18541418.4255	0.022
18564891.7185	0.02
18583117.023	0.022
18600000.311	0.021
18615270.201	0.021
18638226.568	0.022
18665459.489	0.018
18685837.8225	0.02
18704574.471	0.02
18723694.657	0.018
18745093.525	0.02
18771331.9845	0.017
18789355.586	0.026
18807252.322	0.018
18823256.082	0.018
18843360.6305	0.026
18858806.692	0.023
18879566.6375	0.024
18896898.11	0.02
18912334.246	0.021
18938299.9665	0.017
18963146.443	0.02
18977150.232	0.022
18992403.122	0.025
19010600.6885	0.018
19027837.0675	0.023
19043666.493	0.018
19061122.899	0.018
19079148.5135	0.023
19095626.838	0.017
19116235.8055	0.024
19138780.0295	0.018
19158866.3655	0.018
19186260.3275	0.017
19216095.5215	0.021
19230085.883	0.034
19243729.2485	0.027
19260507.0445	0.021
19276774.7365	0.021
19293671.9565	0.021
19311365.8175	0.021
19324092.432	0.021
19339477.0775	0.021
19359396.15	0.021
19382847.044	0.027
19399973.659	0.022
19417060.5445	0.023
19432706.9995	0.025
19447908.385	0.032
19463522.3465	0.024
19479647.17	0.026
19495880.6785	0.02
19510663.3125	0.022
19524515.251	0.029
19539534.24	0.026
19555012.594	0.029
19574248.4385	0.02
19594759.248	0.022
19611662.3645	0.022
19629050.0715	0.029
19646390.1275	0.022
19663843.184	0.021
19679576.992	0.021
19694231.306	0.027
19712673.6495	0.023
19730814.791	0.023
19750104.537	0.023
19767364.555	0.023
19786061.698	0.02
19802136.978	0.018
19816741.81	0.021
19831980.654	0.022
19846196.0745	0.024
19859772.8885	0.026
19874185.8455	0.022
19889806.363	0.025
19905423.011	0.025
19920305.595	0.024
19937797.8955	0.018
19954294.9365	0.034
19973886.369	0.027
19990687.2305	0.035
20007776.7595	0.029
20023238.767	0.026
20045822.871	0.02
20063462.2205	0.021
20080098.9695	0.025
20094546.1745	0.024
20110155.626	0.021
20126246.6885	0.024
20141805.729	0.027
20157241.6475	0.031
20180202.7175	0.027
20202086.925	0.025
20219902.5755	0.026
20235900.468	0.025
20251333.898	0.029
20266127.4925	0.027
20281654.62	0.022
20298649.6775	0.027
20320660.5215	0.024
20342246.891	0.028
20361203.849	0.028
20381492.494	0.021
20405509.8335	0.021
20427301.3695	0.03
20445105.044	0.032
20460400.458	0.025
20478445.133	0.024
20497043.4795	0.028
20523313.6485	0.018
20552075.383	0.026
20570403.385	0.024
20592512.6905	0.024
20621361.8825	0.029
20642772.347	0.035
20663952.808	0.023
20688713.388	0.027
20711494.1425	0.029
20732081.301	0.027
20749913.418	0.031
20771083.54	0.022
20816667.0715	0.022
20832934.9375	0.031
20853222.84	0.028
20867801.366	0.032
20882872.104	0.032
20897110.3055	0.023
20912544.6395	0.022
20928049.8325	0.025
20948327.8205	0.021
20968291.863	0.022
20984152.453	0.032
21002024.459	0.03
21022955.3165	0.021
21044124.5805	0.022
21060394.363	0.021
21076375.191	0.027
21091777.946	0.024
21107043.5425	0.024
21122808.067	0.025
21140342.561	0.021
21157151.197	0.021
21178805.9305	0.022
21207344.741	0.022
21225948.957	0.029
21244736.406	0.028
21262312.36	0.033
21281627.2095	0.024
21300449.127	0.022
21316623.4365	0.029
21332886.0405	0.031
21348710.665	0.039
21364126.3805	0.039
21381090.51	0.026
21398373.7825	0.031
21413960.465	0.039
21430700.7855	0.039
21444728.915	0.028
21457544.3415	0.061
21472355.0305	0.029
21488154.403	0.034
21503716.4385	0.035
21520244.268	0.03
21534882.418	0.037
21550213.585	0.027
21565621.897	0.034
21584344.9795	0.027
21599455.9815	0.031
21618012.7305	0.046
21636449.557	0.026
21653203.045	0.023
21670567.6995	0.022
21688098.293	0.025
21703827.1305	0.031
21717926.424	0.027
21732502.2555	0.024
21747121.8845	0.026
21762433.5285	0.031
21777497.4195	0.031
21795891.906	0.024
21823632.3785	0.027
21842954.401	0.022
21860124.8755	0.024
21874063.105	0.031
21887454.788	0.033
21900587.832	0.031
21913905.121	0.03
21927865.1655	0.024
21941173.2795	0.023
21954771.188	0.027
21969475.2635	0.034
21988619.4515	0.033
22008199.2705	0.031
22025769.2645	0.026
22049569.9455	0.017
22067721.042	0.021
22084716.981	0.02
22104889.074	0.024
22122604.987	0.018
22138911.9475	0.022
22154870.409	0.018
22170070.9155	0.023
22185148.0745	0.021
22201124.479	0.031
22215363.419	0.022
22230350.4375	0.018
22247202.8845	0.027
22264104.063	0.025
22283062.933	0.025
22304124.4255	0.024
22323563.499	0.022
22342844.0545	0.023
22359365.2485	0.022
22376089.208	0.022
22393985.189	0.025
22414743.4725	0.028
22439063.8205	0.034
22461298.0505	0.026
22485823.8375	0.023
22519422.71	0.023
22552624.5585	0.02
22577897.3505	0.024
22611254.3385	0.027
22652272.19	0.028
22686168.7305	0.022
22714854.808	0.018
22742873.628	0.023
22767811.6175	0.02
22790945.858	0.023
22814399.07	0.022
22835554.4795	0.02
22854842.772	0.018
22871796.4285	0.023
22888904.279	0.023
22904988.2815	0.021
22922391.3975	0.026
22942088.121	0.021
22959423.9705	0.017
22976707.4385	0.022
22993114.474	0.022
23009260.0915	0.023
23026018.7625	0.022
23043189.635	0.025
23062112.0525	0.021
23082718.227	0.021
23102055.374	0.024
23123073.473	0.036
23147918.5065	0.034
23169807.021	0.024
23190738.9675	0.021
23215139.6155	0.02
23237117.5865	0.023
23255156.1845	0.022
23273746.0085	0.022
23292288.008	0.024
23310136.784	0.023
23326565.6015	0.026
23350207.531	0.02
23371244.1295	0.018
23387729.495	0.021
23404879.9165	0.023
23422846.965	0.022
23443537.8345	0.018
23461693.164	0.018
23482324.835	0.02
23513217.553	0.02
23535076.1695	0.018
23553267.416	0.023
23572106.225	0.029
23592968.955	0.02
23616458.9625	0.02
23640183.561	0.026
23662260.4555	0.028
23682774.039	0.024
23705497.968	0.026
23726401.4615	0.026
23745625.231	0.023
23763623.8195	0.023
23782731.7785	0.021
23805728.3515	0.022
23830057.677	0.022
23856491.297	0.027
23880033.093	0.034
23901818.4935	0.026
23920555.0925	0.03
23942607.0465	0.029
23972845.881	0.023
23999019.1945	0.026
24018489.3315	0.03
24040212.1075	0.034
24063456.663	0.02
24085880.214	0.017
24109086.5235	0.021
24131249.262	0.017
24152884.956	0.021
24171264.941	0.021
24188876.319	0.017
24206540.1105	0.018
24223466.7815	0.021
24246390.867	0.017
24267401.099	0.021
24285672.4105	0.023
24303936.7085	0.02
24321889.734	0.02
24341303.6345	0.022
24360757.3615	0.025
24378417.599	0.022
24396531.006	0.024
24417671.5565	0.02
24442996.634	0.021
24463855.1415	0.021
24481847.3155	0.024
24500437.6225	0.025
24515512.2495	0.02
24533917.95	0.023
24554639.5905	0.023
24574812.411	0.018
24592138.158	0.023
24607588.852	0.022
24625097.3355	0.026
24644026.4885	0.031
24662876.2525	0.022
24684891.039	0.022
24710722.9875	0.018
24730216.965	0.018
24747168.89	0.018
24763210.7505	0.021
24781063.274	0.027
24798514.483	0.034
24815233.6655	0.02
24832121.2925	0.023
24851284.683	0.023
24869143.5425	0.027
24889648.2555	0.023
24911040.9215	0.028
24933726.4	0.022
24954126.7875	0.021
24975023.027	0.024
25000229.6465	0.018
25019593.1885	0.022
25036031.6	0.023
25052591.438	0.027
25067562.2065	0.029
25082301.0955	0.026
25100496.2385	0.027
25118594.853	0.027
25134423.844	0.031
25150352.464	0.022
25168437.318	0.018
25187086.3985	0.017
25202302.485	0.017
25223419.2245	0.017
25243554.4855	0.02
25258712.909	0.022
25273348.951	0.018
25288636.379	0.017
25310247.806	0.017
25334516.2335	0.018
25356500.775	0.018
25378732.2675	0.018
25398584.3975	0.018
25418375.262	0.023
25440370.6955	0.02
25462215.2725	0.026
25481916.121	0.02
25501258.035	0.021
25519966.6715	0.022
25541830.3905	0.025
25566113.0975	0.023
25590906.236	0.027
25611207.7425	0.033
25633673.158	0.031
25656145.8405	0.024
25676368.2665	0.024
25694476.5425	0.033
25711101.7315	0.029
25726735.9675	0.029
25744253.9925	0.023
25761676.993	0.026
25778565.038	0.023
25794411.9235	0.022
25810900.993	0.025
25827353.5825	0.031
25844351.911	0.026
25861805.1955	0.029
25878357.6485	0.022
25896713.6495	0.022
25914352.2145	0.021
25936811.463	0.029
25955201.9905	0.034
25972158.67	0.034
25991047.0835	0.044
26008268.815	0.039
26025720.2385	0.038
26041665.495	0.03
26060295.977	0.031
26079230.098	0.021
26104171.579	0.036
26141848.079	0.026
26161637.04	0.028
26177618.6965	0.032
26192597.475	0.037
26206810.6275	0.027
26221656.3495	0.021
26237702.48	0.024
26255035.528	0.022
26275240.7995	0.025
26291844.845	0.031
26309540.662	0.033
26325153.3645	0.026
26341468.224	0.021
26357678.0275	0.027
26372198.4545	0.031
26389318.6155	0.023
26405842.752	0.021
26421951.0645	0.024
26438480.006	0.023
26453334.368	0.022
26467982.903	0.027
26482630.797	0.037
26499810.7485	0.035
26518305.251	0.026
26540629.3795	0.03
26565359.6325	0.026
26585125.947	0.043
26606875.9895	0.031
26630663.5275	0.028
26655426.454	0.032
26675725.2385	0.03
26698479.1855	0.026
26720486.365	0.023
26739717.7755	0.029
26760580.988	0.033
26781396.875	0.029
26800824.6075	0.029
26818282.529	0.034
26836445.022	0.033
26858669.8405	0.038
26882695.042	0.024
26907318.141	0.028
26929571.513	0.026
26948741.5025	0.021
26968446.5025	0.022
26988626.3155	0.027
27008423.104	0.024
27036843.2755	0.021
27066173.6345	0.034
27089349.981	0.03
27110830.8855	0.029
27133330.46	0.026
27154008.6995	0.039
27173217.6905	0.028
27191560.863	0.022
27210984.0515	0.03
27230911.6715	0.023
27251236.976	0.034
27268868.954	0.044
27285855.586	0.056
27302133.3675	0.045
27324703.3685	0.056
27343639.7255	0.031
27362622.4625	0.049
27386465.4445	0.063
27410468.1505	0.086
27434755.671	0.114
27459284.0115	0.039
27484971.8105	0.083
27506437.534	0.094
27525376.354	0.062
27544727.189	0.093
27565103.4055	0.034
27587085.202	0.026
27606933.723	0.094
27625784.66	0.104
27645422.827	0.134
27664535.9735	0.124
27681151.685	0.093
27698161.1155	0.112
27714352.043	0.093
27730170.3785	0.114
27746127.945	0.124
27760380.2295	0.124
27775829.7885	0.08
27792023.3315	0.052
27808890.0345	0.103
27826890.819	0.092
27843627.689	0.124
27863191.294	0.113
27882289.022	0.093
27901052.9555	0.123
27920717.0015	0.06
27941737.253	0.074
27959977.361	0.145
27976188.1405	0.089
27992218.848	0.113
28009738.0305	0.068
28027259.0555	0.113
28043176.5915	0.087
28059570.145	0.16
28074643.986	0.114
28089213.7005	0.186
28105136.9625	0.188
28123337.3595	0.114
28141308.5535	0.214
28160709.8685	0.259
28180214.3245	0.187
28197932.2455	0.231
28216752.1305	0.106
28241402.0075	0.244
28267543.114	0.261
28292979.3385	0.26
28322613.941	0.116
28342024.16	0.311
28359272.2075	0.379
28379853.411	0.125
28398620.788	0.592
28417309.7535	0.357
28441049.165	0.452
28459661.124	0.569
28477437.3555	0.519
28494670.778	0.519
28514740.5175	0.449
28538070.313	0.346
28558470.701	0.842
28582030.289	0.782
28605081.523	0.331
28627927.4775	0.309
28649745.2685	0.39
28668098.469	0.551
28688837.8435	0.508
28707441.8805	0.505
28724740.6185	0.421
28741361.3715	0.271
28760108.3115	0.067
28779828.325	0.191
28799079.3035	0.343
28816976.07	0.191
28833190.4965	0.344
28851646.2345	0.103
28870629.1335	0.174
28889340.6555	0.226
28908449.066	0.146
28929738.604	0.158
28948199.0555	0.166
28966271.7225	0.124
28985879.0085	0.128
29003475.937	0.132
29023093.982	0.08
29048471.586	0.061
29075495.498	0.065
29094236.319	0.141
29111673.9045	0.141
29127930.6995	0.127
29143949.503	0.073
29159981.631	0.079
29176240.9225	0.106
29192020.9375	0.117
29209175.711	0.117
29231785.6075	0.071
29253211.525	0.087
29271479.2165	0.135
29289576.9075	0.102
29309500.819	0.146
29327191.026	0.122
29344316.6595	0.051
29361100.0375	0.085
29380106.9565	0.085
29401567.545	0.062
29424162.1995	0.062
29446743.013	0.063
29466975.5475	0.048
29486884.428	0.037
29507926.8435	0.037
29526895.5945	0.024
29545253.7995	0.035
29566862.6645	0.035
29591961.976	0.023
29613463.648	0.025
29632910.181	0.025
29653059.023	0.033
29671174.3025	0.025
29687980.129	0.026
29707242.878	0.017
29728148.6815	0.023
29746924.087	0.026
29765886.653	0.027
29786936.6115	0.026
29807861.9095	0.022
29828390.261	0.021
29844895.698	0.024
29861732.2845	0.022
29879976.9855	0.023
29900990.0025	0.021
29922249.444	0.018
29942432.6195	0.02
29963597.835	0.018
30106543.364	0.017
30151694.1835	0.02
30182207.855	0.021
30201191.367	0.023
30218016.6665	0.017
30237191.1955	0.021
30256049.386	0.021
30274978.4895	0.027
30297415.8205	0.026
30316601.465	0.021
30336062.8435	0.021
30355951.655	0.024
30381008.067	0.021
30425661.102	0.022
30448117.674	0.021
30474184.8045	0.022
30495571.9685	0.018
30516538.151	0.018
30537303.789	0.023
30556851.618	0.025
30579962.4385	0.023
30604233.376	0.021
30623889.317	0.022
30640286.431	0.028
30656922.792	0.022
30673461.874	0.018
30691995.8645	0.018
30708213.6355	0.023
30723592.7625	0.02
30741637.2415	0.02
30759246.5415	0.022
30776937.833	0.017
30796363.5145	0.017
30813090.5635	0.018
30831004.762	0.018
30849545.141	0.02
30867769.5485	0.021
30886220.46	0.021
30903724.6865	0.022
30921390.522	0.018
30941750.9185	0.021
30960537.0075	0.023
30978788.3385	0.018
30997383.9635	0.023
31020525.242	0.02
31046385.4515	0.023
31070764.499	0.022
31091359.692	0.023
31110678.8705	0.02
31129068.159	0.02
31150171.3095	0.023
31169852.804	0.018
31189168.792	0.022
31208462.9935	0.021
31227847.941	0.021
31247698.703	0.023
31266311.1495	0.018
31285650.221	0.017
31308281.0015	0.017
31327869.0285	0.018
31345907.089	0.02
31365275.481	0.021
31383955.81	0.02
31398859.78	0.02
31416831.5015	0.023
31437935.741	0.022
31459383.017	0.021
31478487.305	0.02
31495293.897	0.02
31510659.317	0.037
31527912.3365	0.021
31550336.82	0.018
31574925.8765	0.026
31599484.3935	0.017
31621072.476	0.022
31641785.468	0.021
31662585.8655	0.023
31683504.311	0.029
31709403.1505	0.018
31732130.138	0.018
31753906.5965	0.02
31778642.8705	0.018
31800794.329	0.02
31823242.272	0.018
31844115.8615	0.02
31867403.665	0.018
31895198.7485	0.018
31915602.5495	0.021
31934857.227	0.021
31951978.621	0.017
31969147.3595	0.022
31986005.6155	0.021
32002431.888	0.02
32018807.551	0.021
32036942.1795	0.021
32055544.47	0.023
32074211.37	0.022
32093830.0855	0.022
32114343.256	0.023
32133231.464	0.021
32154137.9205	0.021
32175355.9025	0.022
32196205.566	0.02
32215200.0185	0.026
32233404.485	0.021
32253539.2575	0.022
32275432.609	0.018
32295841.218	0.023
32316378.121	0.018
32336431.657	0.023
32360547.1465	0.022
32386861.895	0.021
32408643.54	0.021
32433857.5825	0.018
32454706.148	0.021
32475921.712	0.021
32496109.322	0.023
32514492.8395	0.026
32534486.262	0.021
32551662.3725	0.023
32570044.455	0.021
32592380.763	0.021
32612200.427	0.027
32632012.4285	0.027
32651011.681	0.018
32672098.9125	0.017
32696476.961	0.022
32719079.3035	0.017
32741811.0025	0.017
32759213.58	0.018
32775062.308	0.018
32791407.458	0.018
32808202.6815	0.018
32826354.3285	0.017
32846572.874	0.018
32866729.9745	0.02
32887176.5455	0.021
32903729.834	0.026
32921986.0055	0.026
32938068.221	0.022
32953763.7955	0.021
32972554.178	0.026
32994237.0975	0.021
33016111.786	0.02
33035577.6975	0.023
33054002.1	0.02
33073143.3355	0.02
33091693.9165	0.023
33109186.2755	0.026
33128887.748	0.02
33144537.848	0.018
33162272.4785	0.023
33181228.981	0.021
33200312.0215	0.021
33221362.296	0.021
33238021.7565	0.022
33256636.059	0.02
33276464.469	0.02
33300825.7365	0.02
33323172.8835	0.023
33345812.542	0.017
33361537.136	0.021
33379095.107	0.018
33395928.527	0.02
33415800.53	0.021
33434834.0805	0.018
33451930.3635	0.023
33469258.1955	0.02
33487051.863	0.02
33506094.378	0.017
33524749.1205	0.022
33544118.552	0.021
33561365.317	0.02
33578179.015	0.023
33593636.161	0.023
33609567.2015	0.023
33626058.6935	0.029
33643678.9855	0.026
33660980.8265	0.027
33678473.9045	0.026
33695886.1365	0.022
33713304.1995	0.028
33731893.806	0.023
33751687.389	0.022
33775673.153	0.026
33797910.8405	0.023
33815454.6015	0.021
33837243.521	0.021
33858988.475	0.018
33880532.3035	0.021
33901362.835	0.021
33922587.0195	0.026
33945158.19	0.022
33967873.148	0.033
33987631.802	0.033
34004527.418	0.02
34022858.888	0.038
34042856.374	0.043
34060666.491	0.044
34081169.074	0.025
34105253.432	0.038
34131052.6845	0.017
34159242.46	0.027
34179967.0005	0.027
34201084.557	0.035
34224427.1055	0.03
34251499.518	0.023
34275968.438	0.022
34297153.719	0.023
34322118.287	0.018
34343595.7565	0.022
34362167.159	0.025
34380812.043	0.023
34401652.5685	0.026
34421736.809	0.025
34441698.315	0.02
34459642.0635	0.02
34478902.594	0.026
34498444.548	0.028
34517066.8625	0.026
34534801.551	0.022
34551199.404	0.021
34569191.5935	0.025
34586343.386	0.022
34602255.6215	0.021
34618455.1265	0.028
34637531.1355	0.023
34659847.358	0.021
34683523.5385	0.027
34708110.581	0.024
34730510.7605	0.033
34754235.447	0.03
34779093.863	0.021
34802143.3475	0.023
34823266.7765	0.021
34843066.288	0.026
34864600.9745	0.021
34884668.7455	0.03
34902090.8245	0.024
34920019.858	0.024
34938831.986	0.029
34955073.533	0.024
34971601.2075	0.026
34988145.919	0.023
35003564.8765	0.027
35019044.127	0.023
35034129.959	0.02
35049951.755	0.021
35066372.127	0.022
35082464.1635	0.023
35098240.9515	0.022
35112797.1845	0.023
35129012.124	0.026
35145281.038	0.026
35160140.562	0.022
35176638.459	0.021
35192727.996	0.021
35209682.397	0.021
35228246.7655	0.023
35245586.0525	0.02
35262345.943	0.022
35278549.337	0.02
35293112.4205	0.022
35307549.678	0.025
35321265.854	0.02
35335636.608	0.02
35350484.7315	0.017
35366039.2675	0.017
35382149.3675	0.022
35400758.7045	0.02
35418152.4	0.021
35432798.8385	0.021
35446818.023	0.024
35461924.2895	0.02
35478046.23	0.017
35494177.988	0.021
35509800.696	0.022
35526195.266	0.021
35543070.01	0.02
35559459.296	0.024
35577208.1045	0.026
35595767.335	0.028
35614975.593	0.02
35633807.1545	0.028
35652816.256	0.029
35673180.872	0.024
35694075.771	0.026
35712627.6445	0.031
35729649.3365	0.029
35747013.8295	0.023
35764016.7745	0.034
35781561.1225	0.033
35804076.761	0.017
35825186.7075	0.022
35841315.9975	0.022
35857887.617	0.021
35873593.925	0.024
35888739.594	0.021
35903797.1125	0.023
35917821.6625	0.021
35931086.0715	0.02
35947485.4945	0.022
35962613.3175	0.022
35978046.875	0.02
36001673.515	0.021
36017430.989	0.02
36033524.774	0.022
36048005.1165	0.021
36062804.5715	0.02
36077725.463	0.02
36093796.0855	0.02
36110518.8675	0.02
36127670.958	0.026
36145245.9375	0.017
36163391.608	0.02
36182470.9135	0.02
36198353.314	0.022
36216180.135	0.021
36234059.791	0.02
36249935.906	0.021
36265455.111	0.023
36282243.083	0.023
36298416.7075	0.021
36315158.8525	0.023
36332561.3315	0.018
36350004.726	0.022
36366123.5485	0.027
36382042.4175	0.022
36400446.4935	0.023
36419440.275	0.024
36439094.342	0.028
36459201.684	0.02
36477470.9585	0.028
36497916.7765	0.037
36518493.3205	0.02
36539255.9595	0.022
36557389.38	0.022
36573252.677	0.033
36590445.3155	0.026
36608045.7155	0.023
36627893.7235	0.049
36649394.855	0.035
36670167.3065	0.034
36691611.5585	0.043
36712294.067	0.028
36728515.0055	0.045
36745095.03	0.034
36761878.4825	0.051
36778514.012	0.045
36796165.886	0.051
36813787.1175	0.038
36830471.541	0.049
36846539.6635	0.048
36863360.6795	0.068
36886185.815	0.056
36905615.155	0.06
36923523.2985	0.068
36939982.4385	0.093
36958059.7295	0.068
36975615.4	0.078
36992313.491	0.086
37008780.98	0.093
37026638.253	0.036
37066949.8235	0.068
37104370.863	0.096
37132994.074	0.025
37159838.187	0.147
37178002.836	0.228
37194874.8795	0.183
37211571.862	0.126
37225797.6655	0.213
37239943.6735	0.242
37253749.2445	0.31
37268357.794	0.27
37284583.3215	0.367
37303743.699	0.038
37396114.683	0.02
37434681.999	0.153
37451566.4515	0.117
37468353.0925	0.104
37486596.5665	0.149
37503913.7285	0.096
37526326.5095	0.018
37544405.885	0.093
37560157.667	0.069
37576776.1675	0.061
37594666.964	0.071
37612651.579	0.084
37630860.6765	0.062
37650638.5695	0.049
37672040.1585	0.043
37693329.762	0.061
37712364.706	0.022
37734735.5215	0.022
37756523.2025	0.037
37776335.4915	0.028
37797181.445	0.037
37816974.5545	0.029
37835974.322	0.029
37854052.813	0.031
37873907.363	0.026
37895316.283	0.022
37914507.698	0.031
37933870.388	0.021
37951262.5635	0.03
37969598.573	0.035
37987903.178	0.028
38005742.5155	0.028
38025143.515	0.024
38045875.7175	0.029
38066994.303	0.028
38084962.1545	0.031
38101556.1125	0.028
38121461.6345	0.032
38145755.7405	0.029
38170537.774	0.027
38200365.6405	0.022
38226895.611	0.022
38244954.7505	0.025
38263709.9225	0.023
38282142.854	0.029
38298301.378	0.025
38317246.399	0.02
38336239.7425	0.022
38354144.9575	0.027
38369431.527	0.021
38385124.5305	0.025
38400869.4275	0.021
38416511.692	0.029
38431359.9255	0.024
38447370.8405	0.027
38464127.647	0.024
38480439.8315	0.023
38497089.005	0.03
38521718.158	0.025
38542392.262	0.027
38559950.439	0.024
38579769.6825	0.034
38599332.6935	0.021
38617364.5295	0.018
38635138.7925	0.02
38655226.156	0.018
38678021.0195	0.018
38699182.3555	0.018
38718717.865	0.02
38738364.7775	0.021
38758008.7195	0.022
38774302.707	0.022
38792039.1225	0.018
38808828.837	0.023
38826157.4275	0.023
38843747.2935	0.023
38862946.166	0.027
38884555.2395	0.027
38902286.2405	0.027
38918716.75	0.027
38934235.373	0.022
38948858.04	0.023
38963893.308	0.029
38978418.8	0.031
38993962.1245	0.025
39010913.4875	0.029
39029812.0625	0.029
39047301.755	0.027
39062701.4555	0.027
39077064.876	0.024
39095085.7055	0.023
39119160.9935	0.033
39138340.5715	0.027
39153151.7805	0.034
39168263.7465	0.034
39191599.859	0.018
39219938.89	0.023
39237299.744	0.028
39254292.8125	0.029
39271882.8895	0.024
39295386.0705	0.023
39316890.9185	0.027
39335551.8455	0.023
39355287.3585	0.024
39375677.1375	0.027
39393640.561	0.021
39412616.797	0.021
39433127.872	0.021
39448438.2335	0.024
39463762.043	0.023
39478650.782	0.022
39494529.2865	0.022
39510635.1845	0.024
39529495.818	0.02
39550197.2355	0.023
39571025.0915	0.024
39588096.3075	0.022
39603859.2975	0.022
39626421.4105	0.017
39646652.212	0.026
39661140.8125	0.022
39676559.4405	0.023
39693126.45	0.033
39709726.4845	0.027
39727119.9775	0.024
39742074.1925	0.02
39759276.242	0.027
39775591.237	0.026
39792692.418	0.021
39811271.1985	0.021
39826977.622	0.026
39843756.619	0.034
39862063.6875	0.024
39879253.2305	0.036
39896175.8785	0.074
39912990.772	0.051
39928611.298	0.029
39947557.269	0.023
39967588.535	0.029
39990059.9495	0.032
40010850.9615	0.029
40029772.647	0.035
40051654.8825	0.039
40073365.502	0.04
40102669.3915	0.024
40132085.5325	0.049
40159452.2335	0.039
40184789.08	0.032
40208999.628	0.033
40232480.0305	0.028
40254124.055	0.024
40279558.329	0.022
40300790.4015	0.027
40318831.8385	0.031
40338846.2465	0.023
40361254.7525	0.023
40384886.9225	0.031
40406542.0925	0.032
40424022.8035	0.023
40442864.9915	0.037
40459816.0825	0.021
40480045.1735	0.045
40502844.898	0.028
40524386.6465	0.027
40546239.4385	0.023
40571112.265	0.026
40596448.537	0.023
40617369.0845	0.029
40636027.2575	0.025
40654403.984	0.022
40671713.7995	0.024
40688755.601	0.023
40704592.2395	0.026
40722997.376	0.024
40742089.704	0.022
40761361.8565	0.022
40780875.752	0.022
40801101.611	0.04
40819411.603	0.039
40836317.8455	0.037
40852633.6465	0.025
40868155.942	0.032
40884325.5375	0.022
40904055.6395	0.024
40926773.087	0.024
40942587.766	0.022
40957854.0385	0.021
40975956.904	0.021
40995830.4865	0.035
41017766.4245	0.023
41036919.7995	0.024
41060396.33	0.022
41088048.647	0.034
41108061.7645	0.023
41126426.812	0.023
41152390.4675	0.027
41171125.465	0.024
41186010.6375	0.024
41200589.076	0.027
41214852.499	0.029
41230810.1305	0.022
41247034.528	0.023
41269039.7235	0.021
41289940.613	0.023
41306229.23	0.024
41321785.2985	0.021
41337840.569	0.02
41352837.9005	0.021
41367617.134	0.022
41382689.469	0.022
41397820.4505	0.022
41412961.932	0.02
41428300.027	0.018
41442645.1355	0.021
41457809.964	0.017
41477015.378	0.02
41494807.6265	0.018
41508619.6985	0.02
41523539.5865	0.022
41538319.786	0.02
41552909.028	0.021
41571723.4405	0.021
41590278.6325	0.018
41608570.4625	0.021
41626727.3605	0.02
41643562.9275	0.02
41659673.1745	0.022
41675398.453	0.021
41691778.3945	0.022
41706457.248	0.021
41725167.794	0.022
41743396.252	0.018
41760724.6565	0.023
41775961.5415	0.029
41791704.1375	0.023
41806673.476	0.021
41824939.516	0.018
41842550.7075	0.023
41855316.4905	0.023
41868403.8945	0.024
41884032.5945	0.026
41901583.3875	0.02
41918952.668	0.022
41936357.2175	0.024
41961197.356	0.021
41981488.7435	0.024
41997126.8945	0.017
42013009.283	0.021
42027773.3545	0.018
42042993.3995	0.021
42059945.8155	0.022
42078487.8175	0.029
42095657.422	0.021
42119323.702	0.021
42139537.1545	0.026
42159976.301	0.018
42177662.404	0.037
42195799.2245	0.018
42216753.508	0.058
42232933.7215	0.026
42249198.7685	0.024
42266124.526	0.02
42283302.181	0.028
42299137.673	0.021
42313296.753	0.03
42327573.4915	0.026
42342294.6075	0.033
42356718.885	0.027
42371453.3185	0.023
42387450.4425	0.024
42406866.7095	0.028
42423832.0345	0.039
42438034.1035	0.024
42453253.2915	0.029
42467076.477	0.028
42481184.586	0.027
42495361.691	0.027
42507704.643	0.032
42520744.255	0.023
42534548.861	0.025
42551232.7085	0.026
42566226.519	0.028
42582885.021	0.031
42599342.604	0.024
42614915.1225	0.026
42628212.4445	0.024
42640827.2095	0.035
42653632.639	0.044
42665984.1195	0.031
42680560.307	0.024
42696866.1345	0.034
42712640.121	0.022
42728217.5275	0.028
42743811.436	0.025
42758356.373	0.023
42774654.1905	0.026
42792252.427	0.02
42811500.228	0.022
42828574.777	0.023
42843436.481	0.03
42857683.386	0.018
42874040.2425	0.02
42892232.016	0.021
42908205.752	0.022
42923938.2725	0.021
42940203.033	0.017
42962173.4675	0.023
42980609.269	0.021
42996767.874	0.026
43011155.3715	0.026
43030984.7845	0.036
43052182.7785	0.031
43071975.9665	0.038
43088745.9935	0.028
43104079.488	0.023
43125320.6765	0.024
43146904.3105	0.025
43162159.374	0.028
43177401.988	0.024
43191462.4105	0.036
43206061.9305	0.024
43220504.392	0.021
43234532.4245	0.023
43249002.0175	0.026
43262940.4165	0.024
43276901.3365	0.026
43291350.1915	0.036
43308506.5145	0.026
43326025.267	0.034
43341785.391	0.023
43357583.3945	0.023
43373422.272	0.018
43387191.2645	0.023
43404563.535	0.021
43423316.1385	0.026
43438392.276	0.025
43452646.611	0.024
43467472.2725	0.022
43481708.38	0.031
43495789.6775	0.028
43510596.013	0.023
43527330.72	0.023
43543477.5195	0.018
43561608.953	0.022
43580714.58	0.022
43601442.462	0.021
43618339.72	0.022
43634507.0525	0.034
43648660.7635	0.029
43663675.116	0.034
43679974.0895	0.023
43695261.047	0.021
43710200.6235	0.022
43725147.693	0.023
43740504.1915	0.027
43760058.877	0.022
43779019.241	0.023
43795876.0435	0.021
43814720.5845	0.022
43833990.851	0.018
43852068.166	0.022
43868935.6675	0.018
43885886.8015	0.022
43901287.4175	0.02
43917163.781	0.021
43932270.062	0.02
43947957.243	0.021
43964318.0265	0.02
43979720.296	0.02
43996329.2305	0.022
44011705.02	0.02
44027989.711	0.02
44047331.043	0.017
44067099.602	0.022
44083265.069	0.029
44099357.9265	0.021
44117109.2925	0.02
44133060.88	0.028
44147960.301	0.026
44166442.384	0.017
44197883.6375	0.023
44214531.6295	0.029
44229243.0355	0.032
44244629.529	0.024
44261075.1955	0.025
44289348.0185	0.021
44312170.4795	0.022
44328640.596	0.028
44344814.49	0.027
44363569.6245	0.021
44385718.223	0.026
44404554.6365	0.021
44444525.5215	0.026
44457995.0435	0.024
44471542.6755	0.031
44484831.9955	0.024
44499655.89	0.032
44517379.156	0.026
44533118.643	0.023
44547720.1245	0.028
44562855.7085	0.021
44578586.5005	0.025
44594266.997	0.022
44611092.6115	0.021
44628656.7005	0.02
44645398.623	0.02
44662106.404	0.03
44680568.407	0.018
44695835.8605	0.023
44715284.4975	0.021
44733410.8665	0.017
44751729.94	0.02
44770176.965	0.023
44787844.0975	0.024
44803315.85	0.021
44818679.302	0.027
44854126.4915	0.018
44880720.1165	0.02
44898377.8505	0.017
44913971.9835	0.017
44928941.806	0.021
44944679.303	0.018
44960973.4865	0.021
44978306.128	0.017
45001955.1835	0.018
45035392.181	0.018
45057930.434	0.024
45074870.5655	0.027
45097335.2275	0.02
45119905.5695	0.023
45136691.006	0.03
45150903.5915	0.021
45164492.2995	0.026
45179044.564	0.022
45193573.453	0.02
45208619.526	0.024
45222985.937	0.018
45238549.6545	0.017
45256928.959	0.02
45274192.648	0.017
45290399.4945	0.022
45305319.753	0.026
45323156.14	0.018
45340536.8505	0.021
45357572.7995	0.022
45375304.927	0.024
45391244.1395	0.021
45407272.7445	0.018
45423241.6595	0.021
45438917.555	0.02
45454323.993	0.018
45467643.3325	0.021
45480672.094	0.018
45494323.273	0.027
45509176.9455	0.025
45523947.511	0.018
45539288.6525	0.022
45555458.4445	0.02
45572276.284	0.022
45589851.816	0.022
45609583.5175	0.02
45627814.5745	0.018
45647588.24	0.02
45663790.353	0.02
45685345.6145	0.025
45705115.0035	0.029
45721002.4185	0.027
45736507.1265	0.038
45751192.4935	0.027
45765778.8835	0.035
45780703.1735	0.035
45795379.5695	0.033
45809475.905	0.031
45824125.8595	0.022
45839788.4815	0.029
45855225.4635	0.022
45871138.334	0.023
45885674.94	0.021
45902641.4945	0.02
45921614.513	0.024
45940848.1615	0.02
45956960.2165	0.021
45972313.902	0.021
45996592.5325	0.021
46016241.448	0.024
46031835.884	0.024
46047397.009	0.021
46063820.957	0.027
46082235.391	0.017
46101700.1245	0.023
46120300.51	0.027
46137344.5175	0.026
46153735.672	0.025
46171672.3825	0.026
46190429.672	0.031
46209728.82	0.022
46227682.3705	0.026
46246314.5515	0.041
46269307.6405	0.028
46291675.9625	0.024
46312650.1715	0.027
46339852.7875	0.02
46365789.269	0.043
46381086.189	0.032
46401729.4635	0.047
46427717.333	0.03
46442721.473	0.038
46458438.065	0.032
46472913.9335	0.042
46487051.7615	0.026
46501504.389	0.033
46517026.8245	0.023
46537075.5915	0.027
46555502.9675	0.027
46575806.481	0.026
46593381.3775	0.017
46611228.841	0.021
46628714.6915	0.02
46650611.1505	0.026
46669009.2745	0.026
46685675.768	0.026
46701707.7105	0.031
46723713.963	0.018
46753140.992	0.034
46775695.436	0.024
46792978.171	0.041
46810370.635	0.026
46829091.633	0.034
46849321.808	0.023
46868975.453	0.021
46890828.0115	0.024
46912638.8915	0.03
46932767.2165	0.026
46949582.487	0.021
46968995.8375	0.021
46993438.544	0.031
47014363.707	0.028
47031835.882	0.023
47048799.5635	0.029
47065162.85	0.026
47083217.008	0.017
47102468.097	0.026
47124774.0655	0.027
47146773.661	0.022
47165481.627	0.031
47184818.987	0.028
47205530.74	0.024
47223055.3495	0.023
47243098.1315	0.024
47265431.8155	0.024
47287262.082	0.024
47303631.536	0.022
47319859.9185	0.023
47337981.831	0.024
47355658.816	0.021
47372437.791	0.018
47389398.805	0.026
47407030.391	0.021
47423095.871	0.018
47442419.557	0.021
47460071.762	0.02
47477842.9395	0.021
47494283.3095	0.018
47510775.117	0.018
47527190.9945	0.021
47542630.0535	0.027
47558921.5725	0.024
47575814.0005	0.022
47591692.959	0.026
47609014.762	0.021
47626742.406	0.02
47646431.134	0.021
47671391.182	0.017
47707527.816	0.017
47729106.4475	0.022
47748471.9865	0.017
47770898.3335	0.025
47795180.668	0.024
47816830.0065	0.02
47834392.217	0.02
47853156.684	0.023
47870229.5125	0.022
47885341.684	0.018
47900197.671	0.021
47915326.977	0.022
47929275.3675	0.021
47943670.1925	0.022
47957421.1695	0.02
47972000.2225	0.022
47989100.6705	0.021
48005699.358	0.021
48021259.1745	0.02
48039471.264	0.018
48062023.311	0.021
48082644.145	0.02
48104076.0015	0.021
48125495.2355	0.021
48151155.014	0.02
48180331.856	0.021
48200557.697	0.018
48219249.6225	0.021
48238908.5305	0.02
48257201.192	0.023
48275551.568	0.021
48293852.9365	0.021
48313202.0945	0.023
48330985.224	0.023
48353457.612	0.027
48376207.6665	0.021
48396993.765	0.018
48417511.1525	0.018
48438911.664	0.02
48459651.144	0.021
48482538.2	0.025
48505792.2005	0.022
48526779.537	0.021
48549376.2175	0.022
48568564.9725	0.023
48587877.097	0.024
48608923.711	0.023
48629829.579	0.024
48648995.3745	0.024
48668615.267	0.032
48687914.518	0.033
48707297.6485	0.021
48726314.966	0.024
48746013.477	0.026
48768084.261	0.023
48790895.4875	0.022
48811375.186	0.024
48834812.0005	0.024
48856347.299	0.017
48878462.9855	0.056
48903095.244	0.037
48926122.9805	0.033
48953572.384	0.037
48982058.9195	0.038
49007044.3705	0.018
49033860.407	0.026
49065573.771	0.028
49104180.202	0.03
49144425.0245	0.029
49192926.3595	0.027
49242119.042	0.023
49286301.5495	0.039
