midpoint	h1x
17790.833	0.006
55486.9995	0.01
95649.674	0.006
128591.195	0.005
161071.423	0.008
196036.692	0.007
231009.4475	0.018
266470.902	0.002
298308.6785	0.006
332848.362	0.0
367995.5515	0.002
393685.2005	0.008
415605.6395	0.011
440243.0155	0.009
465456.182	0.011
488817.3735	0.013
510973.551	0.007
534188.508	0.012
562137.3065	0.011
593584.2285	0.012
619447.1975	0.015
649417.775	0.017
678726.0525	0.007
705220.1565	0.003
731055.3415	0.002
750577.413	0.002
768923.268	0.001
787210.722	0.004
805164.155	0.001
822344.477	0.002
843696.515	0.002
868093.337	0.0
884065.355	0.001
900007.731	0.003
914928.7805	0.001
929221.9065	0.001
943145.5975	0.001
956826.6035	0.001
970849.7805	0.0
986331.6225	0.001
1001455.006	0.001
1016151.401	0.001
1031018.17	0.0
1046061.6685	0.0
1059905.558	0.001
1074138.722	0.001
1087456.3455	0.0
1101891.5165	0.001
1116488.761	0.0
1131574.3525	0.0
1147628.002	0.0
1165158.271	0.0
1179910.7895	0.0
1195096.495	0.001
1210027.895	0.002
1234448.03	0.002
1258868.714	0.003
1276340.0495	0.003
1294185.258	0.004
1308626.0045	0.001
1322155.076	0.001
1335232.09	0.0
1349288.1895	0.001
1366313.0985	0.001
1380392.697	0.002
1392476.935	0.002
1405666.648	0.002
1418955.14	0.001
1432882.747	0.001
1447147.8245	0.003
1462166.6225	0.002
1477264.2005	0.002
1492553.953	0.001
1509331.5885	0.001
1525350.451	0.005
1540490.988	0.001
1554992.6605	0.002
1573402.9095	0.002
1592751.06	0.001
1611696.237	0.002
1637481.1165	0.006
1659237.506	0.002
1675909.9825	0.004
1693034.55	0.002
1709895.153	0.006
1726194.9835	0.003
1749213.7595	0.002
1769413.4535	0.001
1786246.92	0.004
1803046.603	0.001
1819588.931	0.002
1832729.629	0.001
1847740.7255	0.002
1862434.321	0.002
1876460.801	0.002
1891049.068	0.0
1905746.248	0.001
1919541.0415	0.001
1933441.173	0.0
1951242.068	0.001
1969341.388	0.001
1983474.8005	0.004
1996693.6385	0.002
2011045.8245	0.004
2026857.2575	0.004
2045887.429	0.002
2065074.724	0.005
2081371.8505	0.003
2099393.8985	0.002
2119107.733	0.004
2137997.011	0.002
2156028.667	0.005
2174014.828	0.002
2193833.3195	0.0
2212331.145	0.001
2230277.4665	0.0
2244791.281	0.005
2260403.236	0.002
2276830.801	0.003
2292928.7055	0.003
2308877.489	0.002
2323992.877	0.005
2338870.1935	0.001
2353159.709	0.002
2367984.4595	0.004
2382795.635	0.002
2397087.154	0.002
2411753.196	0.003
2426360.814	0.002
2441193.9025	0.002
2456330.167	0.002
2473501.3845	0.002
2494852.9145	0.003
2512183.38	0.005
2527453.5855	0.007
2543649.7615	0.004
2559912.556	0.005
2575380.6885	0.002
2591044.4855	0.004
2607163.3725	0.003
2623806.8135	0.003
2642429.225	0.003
2661683.144	0.002
2677188.2955	0.002
2691355.4565	0.003
2706528.231	0.004
2723660.5615	0.002
2739382.923	0.003
2753867.256	0.004
2768704.4375	0.005
2784673.272	0.003
2801476.1775	0.001
2818131.221	0.003
2832938.6625	0.002
2849717.6265	0.0
2867730.279	0.003
2887000.6975	0.005
2904069.8695	0.004
2919037.2115	0.003
2933355.2535	0.005
2948638.562	0.001
2964428.098	0.001
2978720.6	0.001
2995799.5485	0.003
3012268.9	0.001
3026624.5955	0.001
3041195.3855	0.001
3059417.1085	0.002
3075074.7605	0.001
3088760.987	0.001
3102754.571	0.002
3117762.09	0.002
3132582.763	0.002
3146911.32	0.003
3160877.191	0.002
3175133.529	0.004
3190546.4935	0.001
3256246.0405	0.002
3273068.674	0.002
3288379.746	0.001
3302093.12	0.001
3317386.1385	0.001
3333954.176	0.003
3349838.2205	0.001
3367995.073	0.001
3383174.2335	0.0
3399625.3355	0.002
3415990.2225	0.001
3431002.864	0.003
3445851.369	0.002
3460315.779	0.001
3474697.285	0.001
3489950.1	0.001
3508044.3875	0.001
3527458.6975	0.002
3544518.1805	0.003
3559057.8435	0.003
3575075.514	0.005
3591713.105	0.001
3606192.35	0.003
3620634.0145	0.002
3635175.9865	0.001
3648517.955	0.002
3660955.5065	0.003
3672972.309	0.002
3684970.0455	0.002
3698848.84	0.002
3711079.6185	0.003
3722995.1385	0.002
3737136.1715	0.001
3750682.327	0.002
3764050.6225	0.002
3777191.469	0.002
3790144.7665	0.002
3804178.182	0.0
3818442.453	0.002
3832684.1555	0.001
3847207.8625	0.004
3861346.9785	0.002
3877046.441	0.001
3893095.0685	0.002
3907347.112	0.002
3921968.127	0.001
3936683.9595	0.001
3950735.761	0.003
3964195.839	0.002
3977810.116	0.002
3992659.0205	0.002
4008150.753	0.001
4024564.8515	0.003
4040531.624	0.002
4060402.2345	0.001
4077267.7455	0.002
4095463.285	0.001
4114862.2385	0.003
4134560.428	0.001
4153888.939	0.003
4173817.9895	0.001
4192725.6315	0.002
4211644.3535	0.002
4229061.5345	0.002
4244258.944	0.003
4259377.9555	0.002
4274056.4265	0.002
4288545.491	0.006
4302700.598	0.003
4316270.608	0.004
4330674.1685	0.003
4345056.1075	0.007
4358525.918	0.002
4372034.7165	0.002
4385771.6895	0.001
4399195.8165	0.005
4411969.4005	0.002
4425661.09	0.003
4439591.882	0.001
4453293.5975	0.0
4467191.567	0.001
4481921.1	0.003
4497935.9635	0.002
4512181.6035	0.002
4526821.8235	0.002
4541942.206	0.002
4556326.869	0.002
4573868.3265	0.004
4590249.214	0.004
4604215.807	0.003
4619387.9365	0.003
4635027.0435	0.002
4651394.186	0.002
4670034.8185	0.003
4688571.6655	0.003
4705904.155	0.001
4726430.009	0.002
4746628.308	0.003
4766529.6455	0.003
4785480.86	0.002
4803100.6615	0.002
4819086.6595	0.001
4836899.0655	0.002
4854499.505	0.002
4871857.3785	0.003
4888326.8555	0.002
4907439.743	0.001
4922841.0715	0.001
4939721.538	0.001
4955753.1495	0.001
4986333.6565	0.001
5006465.4385	0.004
5023576.652	0.002
5056825.5795	0.001
5089371.9625	0.001
5113653.969	0.0
5131978.152	0.001
5149595.532	0.003
5165685.234	0.002
5182218.799	0.002
5200252.079	0.002
5220853.504	0.004
5240807.162	0.003
5261831.87	0.004
5282713.164	0.006
5304363.12	0.006
5322737.427	0.007
5342351.6155	0.006
5364331.7845	0.004
5386236.7205	0.005
5407879.1755	0.008
5426255.2635	0.007
5442195.474	0.004
5459483.815	0.003
5479644.548	0.001
5497531.163	0.002
5515055.112	0.002
5533591.4955	0.001
5553575.936	0.006
5572746.8455	0.001
5588808.3735	0.004
5604719.569	0.004
5620283.6015	0.005
5635805.0645	0.004
5655422.7595	0.002
5672903.1475	0.001
5691466.225	0.003
5712215.8845	0.001
5730288.654	0.002
5750458.2325	0.002
5767813.6715	0.002
5789511.2225	0.002
5807890.2015	0.0
5829650.4515	0.0
5852874.17	0.005
5872143.9515	0.004
5889054.6645	0.003
5905368.0755	0.002
5920534.412	0.004
5937455.3335	0.002
5956108.351	0.001
5972962.32	0.001
5988485.21	0.001
6004382.915	0.002
6021373.183	0.003
6039867.832	0.005
6058522.72	0.004
6076014.804	0.003
6094878.0125	0.005
6114711.42	0.003
6132883.576	0.004
6151975.471	0.008
6169264.0465	0.002
6186311.9745	0.001
6204917.808	0.004
6219398.9845	0.003
6232034.878	0.002
6250234.577	0.007
6267822.948	0.0
6285360.2535	0.001
6304397.7175	0.002
6324853.6205	0.002
6345096.575	0.002
6364189.2885	0.001
6382445.331	0.001
6397674.38	0.004
6414011.778	0.002
6431024.998	0.001
6447993.427	0.001
6466027.4895	0.001
6486116.993	0.001
6505952.2855	0.001
6523019.318	0.001
6542960.533	0.001
6559720.9155	0.001
6574819.2515	0.006
6588539.4245	0.002
6602160.104	0.002
6616364.4705	0.001
6631249.683	0.001
6652299.0335	0.001
6673532.8705	0.0
6695298.264	0.001
6710645.649	0.0
6725425.661	0.004
6741184.201	0.002
6757769.782	0.001
6772783.5455	0.001
6789138.59	0.002
6805825.1735	0.0
6823889.7895	0.003
6839844.884	0.001
6855317.3535	0.002
6870399.8915	0.002
6885791.3865	0.006
6901216.3325	0.002
6924313.713	0.002
6946341.9155	0.004
6962117.894	0.005
6978202.592	0.004
6994901.7235	0.002
7014176.3085	0.002
7032654.9365	0.001
7053311.55	0.003
7068340.9545	0.001
7083076.701	0.001
7098575.525	0.003
7113239.843	0.002
7128190.452	0.003
7149068.421	0.001
7174797.9275	0.002
7195767.5365	0.0
7214433.213	0.001
7233143.6175	0.004
7250738.6565	0.004
7273579.7715	0.003
7295914.3235	0.001
7317415.1895	0.003
7337370.8675	0.001
7356413.299	0.005
7373352.9325	0.002
7388052.9525	0.001
7404000.548	0.002
7418408.904	0.002
7432245.7245	0.002
7445322.4045	0.004
7458969.338	0.004
7472494.4355	0.004
7485529.921	0.002
7499211.4005	0.004
7515897.9	0.002
7535775.479	0.001
7552149.207	0.002
7569228.088	0.001
7586733.6335	0.001
7605277.181	0.0
7623732.3885	0.004
7641184.8315	0.001
7661766.349	0.002
7678550.857	0.001
7694657.498	0.001
7708434.9475	0.002
7722557.69	0.002
7737226.731	0.001
7753546.357	0.002
7771297.668	0.0
7790069.953	0.002
7805959.4255	0.002
7823892.2665	0.002
7841026.659	0.004
7856151.4735	0.006
7871596.62	0.002
7886577.3965	0.002
7901011.6985	0.001
7916300.7825	0.001
7931781.6385	0.003
7947446.984	0.002
7961675.585	0.001
7976353.9985	0.002
7990634.8035	0.002
8006780.737	0.001
8022946.7995	0.002
8038551.405	0.001
8057219.412	0.002
8075469.3185	0.001
8090955.3795	0.002
8105792.348	0.001
8120422.1065	0.003
8135507.5285	0.002
8151849.672	0.002
8168319.8575	0.004
8182923.5825	0.005
8197048.752	0.007
8212071.873	0.002
8229173.1935	0.002
8244044.5745	0.001
8260006.1025	0.005
8275524.209	0.002
8291350.6765	0.006
8306345.438	0.006
8322299.408	0.011
8337507.3075	0.004
8354131.3275	0.003
8374012.096	0.001
8390953.082	0.002
8406626.1595	0.005
8421013.7935	0.003
8434471.137	0.002
8451361.878	0.002
8467050.649	0.001
8481796.4385	0.002
8498873.2035	0.004
8517185.7385	0.004
8532194.8085	0.003
8546186.0685	0.004
8560191.5055	0.002
8575067.141	0.006
8588876.323	0.003
8602577.931	0.004
8615848.7355	0.004
8631450.743	0.006
8657782.6475	0.003
8675993.877	0.008
8693258.1095	0.008
8707817.374	0.006
8722542.608	0.011
8737189.5695	0.005
8751513.923	0.005
8766561.729	0.002
8782861.2435	0.002
8801623.6525	0.004
8819331.2185	0.004
8837446.057	0.005
8860414.961	0.003
8879737.4175	0.004
8900312.74	0.002
8918521.5215	0.002
8937863.1875	0.003
8955714.717	0.003
8972750.022	0.002
8987546.266	0.003
9003940.9575	0.004
9019047.385	0.004
9039853.801	0.003
9058612.8915	0.003
9079459.2535	0.005
9100500.078	0.003
9120587.241	0.006
9138322.8715	0.002
9153410.4685	0.005
9171765.514	0.004
9190428.284	0.006
9208213.82	0.002
9224633.7965	0.002
9243836.625	0.001
9263642.252	0.002
9282377.1865	0.001
9299669.3585	0.001
9314901.6725	0.002
9332327.9355	0.002
9353325.0095	0.002
9371376.18	0.001
9387398.9225	0.002
9404065.154	0.0
9422470.0775	0.0
9439175.3245	0.001
9459297.082	0.001
9477866.598	0.001
9500524.7805	0.001
9521476.293	0.0
9541065.347	0.0
9564618.3425	0.001
9580964.6995	0.002
9596168.929	0.004
9610925.9745	0.004
9625935.0225	0.004
9640759.9505	0.0
9655898.878	0.001
9674858.724	0.0
9692497.594	0.002
9711282.4575	0.001
9738729.318	0.001
9863167.6165	0.0
10059237.3105	0.0
10160785.6705	0.0
10184645.3665	0.002
10216120.8745	0.0
10239738.052	0.001
10259196.4495	0.002
10281785.487	0.001
10303427.4355	0.001
10320557.3975	0.003
10343315.4485	0.0
10365774.82	0.001
10383842.7215	0.0
10401755.3845	0.0
10419352.3305	0.0
10436122.6985	0.0
10456267.057	0.0
10478602.707	0.001
10500398.6055	0.002
10520142.874	0.002
10539278.479	0.001
10556989.504	0.001
10573557.851	0.002
10590843.4965	0.002
10609133.739	0.005
10627170.46	0.003
10645396.003	0.003
10660229.81	0.001
10674369.6115	0.001
10687795.69	0.002
10700772.1795	0.002
10713953.6295	0.003
10727696.656	0.004
10741311.8425	0.004
10754485.642	0.004
10768499.811	0.005
10783770.5625	0.005
10799538.9095	0.001
10814393.958	0.012
10828406.7765	0.011
10849248.433	0.006
10871791.8375	0.015
10898714.1845	0.008
10919435.132	0.005
10935626.844	0.013
10950748.025	0.01
10965570.877	0.012
10979366.4275	0.006
10994488.7405	0.006
11009721.998	0.003
11025301.0785	0.007
11039859.948	0.004
11053668.9435	0.004
11068131.2095	0.007
11081134.453	0.004
11093435.365	0.005
11104995.7395	0.006
11118733.3675	0.003
11136030.6595	0.002
11153602.317	0.003
11172716.85	0.002
11189880.784	0.002
11205234.73	0.002
11221277.393	0.0
11241296.5375	0.0
11264109.6845	0.001
11286557.128	0.0
11303769.616	0.002
11319384.8425	0.001
11334806.442	0.001
11350420.6165	0.001
11367718.403	0.001
11385873.5635	0.002
11402584.7945	0.002
11419280.0015	0.002
11437110.1245	0.004
11455503.464	0.003
11475685.948	0.003
11496654.611	0.001
11520593.926	0.0
11537395.4715	0.003
11553162.868	0.001
11568247.664	0.002
11583682.706	0.001
11602061.211	0.003
11620348.1735	0.004
11637330.5665	0.001
11653672.418	0.005
11668821.6005	0.007
11684375.9295	0.003
11703964.9055	0.002
11721922.7145	0.006
11738981.12	0.007
11757222.268	0.004
11776017.066	0.003
11796133.355	0.012
11816191.651	0.007
11836123.252	0.0
11859546.929	0.004
11880477.7985	0.002
11902434.889	0.002
11924428.1795	0.005
11950012.969	0.008
11975795.258	0.007
12001879.501	0.008
12029982.9045	0.004
12047544.662	0.008
12064226.8095	0.007
12084036.816	0.002
12106668.8465	0.004
12124961.2665	0.003
12141281.3745	0.003
12157088.104	0.002
12176149.0085	0.004
12192384.186	0.003
12208671.078	0.004
12223917.45	0.002
12243549.929	0.004
12259207.6415	0.004
12274256.575	0.002
12289999.6395	0.003
12306027.008	0.004
12320888.841	0.004
12338734.003	0.002
12353465.7815	0.004
12369756.796	0.003
12388587.3525	0.003
12407014.5245	0.002
12426976.912	0.002
12447306.9165	0.002
12463342.1655	0.005
12478005.9085	0.007
12492029.571	0.004
12505849.2765	0.006
12518779.5355	0.005
12532086.685	0.004
12547569.353	0.008
12562001.2955	0.007
12576050.813	0.007
12595088.163	0.006
12612237.3295	0.006
12631247.0235	0.008
12649040.3725	0.007
12668660.893	0.006
12692814.402	0.004
12711633.2035	0.007
12729280.0305	0.008
12750116.0375	0.008
12772822.3575	0.007
12795465.698	0.011
12815790.2005	0.014
12840607.438	0.012
12865222.3035	0.005
12887729.7635	0.006
12904151.2585	0.008
12920371.18	0.004
12937001.567	0.008
12954792.1105	0.011
12974302.392	0.009
12999549.4935	0.012
13024343.86	0.008
13044670.2185	0.006
13062694.542	0.012
13077699.4105	0.008
13096987.286	0.006
13113529.3015	0.005
13129700.4045	0.007
13146408.253	0.002
13163561.8025	0.002
13178727.941	0.003
13195281.329	0.002
13211967.9645	0.003
13229391.3075	0.002
13246782.1685	0.0
13262719.0365	0.003
13278842.421	0.004
13293798.8525	0.007
13309257.1755	0.001
13325799.9215	0.008
13340978.3725	0.008
13357518.0395	0.012
13374665.0465	0.02
13388635.4715	0.02
13405226.504	0.014
13422662.55	0.011
13437682.7225	0.016
13452438.932	0.01
13468005.593	0.012
13482402.668	0.009
13496418.612	0.012
13510229.601	0.008
13523585.276	0.005
13539214.3725	0.001
13556884.805	0.006
13570004.363	0.004
13582475.6585	0.002
13594537.8575	0.003
13606442.2315	0.006
13619337.1365	0.006
13634309.773	0.004
13649421.7115	0.001
13663215.663	0.005
13676811.753	0.003
13694018.998	0.003
13714387.501	0.001
13732957.316	0.002
13751693.4875	0.002
13766112.0275	0.004
13780598.1855	0.003
13800494.065	0.002
13819803.8135	0.003
13837052.5205	0.003
13855715.403	0.002
13878232.9645	0.006
13899685.4315	0.0
13929846.663	0.002
13952539.4375	0.008
13972056.6275	0.006
13996339.3655	0.005
14016667.4455	0.006
14034876.303	0.002
14054543.3365	0.001
14081859.917	0.004
14104141.763	0.002
14123445.9505	0.009
14142256.376	0.002
14159433.0665	0.002
14176869.4965	0.001
14196673.2905	0.001
14216227.2155	0.0
14234624.846	0.002
14250441.9095	0.002
14265343.7455	0.001
14280402.051	0.002
14296148.627	0.001
14313887.4815	0.001
14333249.4145	0.0
14350939.354	0.001
14365506.7085	0.002
14381045.9225	0.002
14402654.148	0.001
14423616.913	0.002
14437472.8325	0.001
14451487.0895	0.005
14466189.8745	0.002
14486075.708	0.001
14504616.468	0.005
14522058.18	0.001
14541307.2	0.001
14559570.4745	0.001
14574133.968	0.003
14588381.992	0.003
14604557.4465	0.004
14618737.4775	0.006
14632579.161	0.002
14649305.248	0.002
14667208.9705	0.004
14683931.798	0.002
14702898.758	0.002
14722075.0835	0.002
14741633.5715	0.002
14758342.1055	0.003
14774183.3705	0.005
14790749.912	0.004
14807766.468	0.004
14826090.1085	0.002
14844767.6065	0.002
14861429.82	0.001
14876813.079	0.002
14901290.1075	0.001
14925354.3945	0.001
14942654.7185	0.001
14957936.098	0.006
14973704.6535	0.006
14989231.373	0.004
15004533.708	0.002
15019164.4045	0.004
15039222.1535	0.004
15056614.737	0.005
15075717.5355	0.004
15091575.55	0.002
15110538.431	0.0
15130470.2745	0.001
15146442.232	0.002
15164784.578	0.001
15182071.5385	0.002
15199107.48	0.002
15220894.571	0.003
15239799.1675	0.004
15257295.9485	0.005
15275462.874	0.003
15290061.71	0.003
15306560.0405	0.003
15322465.5745	0.001
15342688.756	0.006
15364033.874	0.004
15380655.979	0.004
15397795.9	0.004
15418498.6295	0.008
15438030.141	0.005
15453997.5305	0.008
15467761.828	0.005
15482845.4665	0.003
15498644.6775	0.004
15512836.267	0.009
15528638.5395	0.006
15544472.3755	0.004
15560076.2335	0.007
15575847.1705	0.006
15590980.895	0.007
15606866.149	0.006
15623334.905	0.008
15640742.927	0.003
15658198.547	0.003
15678366.746	0.0
15710066.0015	0.007
15728423.2515	0.006
15747428.2045	0.007
15764657.3545	0.002
15784201.9535	0.005
15800728.436	0.006
15819889.3705	0.01
15834602.94	0.008
15849117.417	0.007
15863392.122	0.004
15877964.455	0.006
15893147.8205	0.007
15910341.7745	0.008
15925492.601	0.009
15940438.412	0.005
15957153.348	0.001
15979647.4035	0.008
16001800.376	0.002
16018448.29	0.002
16035309.637	0.002
16056543.8675	0.004
16073852.6255	0.004
16092396.196	0.005
16113259.571	0.004
16131825.8585	0.004
16148989.09	0.008
16164952.6415	0.006
16181145.8035	0.007
16196885.8565	0.002
16211569.648	0.006
16235351.246	0.007
16252160.7355	0.003
16267569.5555	0.004
16282981.2925	0.007
16298767.944	0.004
16313736.302	0.003
16331886.7105	0.005
16349749.352	0.003
16367581.254	0.002
16384792.2085	0.002
16404397.917	0.001
16425659.34	0.002
16443202.508	0.001
16462397.2085	0.002
16483785.203	0.001
16502575.481	0.001
16524982.7825	0.001
16548816.116	0.004
16575339.662	0.002
16597107.6405	0.001
16618031.0265	0.001
16638757.0715	0.0
16659888.064	0.003
16681231.0755	0.002
16700307.282	0.001
16718840.008	0.001
16737845.4355	0.002
16756603.8325	0.0
16777169.236	0.0
16797809.5335	0.002
16824327.9955	0.002
16844786.567	0.001
16862491.61	0.001
16881553.066	0.001
16902913.8865	0.002
16923596.816	0.0
16941029.3395	0.001
16958180.5795	0.0
16974705.653	0.001
16990943.013	0.001
17007357.7585	0.001
17022862.2335	0.0
17040376.4495	0.001
17057559.653	0.0
17074469.7805	0.001
17090857.065	0.001
17106672.627	0.001
17121642.2345	0.004
17137289.2445	0.003
17153068.551	0.001
17169393.077	0.004
17184952.851	0.003
17203136.766	0.001
17222027.845	0.002
17238524.231	0.002
17257836.763	0.001
17277270.675	0.005
17293643.6635	0.003
17309907.3435	0.003
17328032.771	0.005
17346241.9065	0.005
17362505.12	0.003
17377064.22	0.001
17395086.5715	0.001
17424883.6745	0.001
17444726.386	0.003
17467476.913	0.001
17483698.3725	0.002
17498940.0455	0.002
17514077.7965	0.001
17528774.9195	0.004
17547540.3065	0.002
17569766.8085	0.0
17592890.9435	0.0
17614607.6675	0.006
17630306.1065	0.003
17646285.049	0.005
17661496.4915	0.002
17680220.6705	0.006
17701505.7765	0.009
17722759.087	0.006
17741677.469	0.004
17760546.4645	0.004
17779732.7975	0.001
17801471.713	0.004
17827485.2645	0.001
17847899.376	0.009
17867773.488	0.002
17885134.8095	0.001
17901722.2925	0.003
17917124.255	0.003
17932265.538	0.004
17948228.79	0.007
17963032.019	0.005
17979427.5735	0.006
17995878.654	0.003
18012643.6995	0.005
18030815.3375	0.004
18049633.7985	0.004
18071245.797	0.005
18092041.3345	0.009
18112470.6435	0.004
18129937.8875	0.003
18146734.7865	0.008
18164398.5865	0.003
18187288.8855	0.005
18209473.6535	0.006
18228344.924	0.005
18249201.2635	0.002
18269033.522	0.002
18289157.5855	0.003
18310408.278	0.005
18328906.676	0.007
18347990.334	0.003
18367230.408	0.002
18387986.63	0.003
18409203.1935	0.004
18427591.7525	0.006
18449515.0735	0.002
18490257.2945	0.003
18515908.2295	0.008
18538123.005	0.004
18561230.6165	0.005
18588285.2445	0.002
18613066.301	0.001
18632681.84	0.002
18654189.076	0.002
18672100.3415	0.002
18691694.767	0.004
18712240.591	0.002
18731138.111	0.003
18748984.242	0.001
18766076.299	0.002
18782756.2475	0.004
18798238.108	0.002
18815103.881	0.002
18831955.451	0.003
18848676.1035	0.003
18864353.8185	0.003
18879580.5545	0.001
18894182.467	0.002
18907400.5005	0.002
18921572.322	0.003
18937001.4545	0.001
18953022.32	0.001
18967813.1465	0.003
18982362.948	0.002
19021960.6395	0.0
19051279.144	0.046
19083324.901	0.049
19100455.9515	0.021
19116247.2585	0.017
19131487.125	0.023
19149037.04	0.013
19165035.0295	0.015
19180055.624	0.021
19194726.217	0.012
19209664.635	0.016
19224381.513	0.012
19242665.2475	0.013
19258341.6245	0.011
19274153.0565	0.012
19289512.46	0.013
19304853.418	0.011
19319390.0735	0.015
19337491.1065	0.013
19354919.2945	0.012
19369500.719	0.016
19384649.848	0.013
19400442.852	0.015
19417615.1775	0.011
19436566.422	0.006
19454438.3725	0.01
19473992.4615	0.013
19495162.245	0.0
19514584.9915	0.008
19538049.937	0.022
19560513.645	0.008
19583251.9165	0.005
19610046.722	0.002
19631343.84	0.014
19650785.5545	0.012
19670784.2315	0.01
19688675.358	0.007
19706389.758	0.017
19724545.3475	0.009
19745837.7715	0.007
19767939.829	0.009
19786303.8115	0.015
19801353.083	0.011
19819757.0775	0.018
19837049.976	0.019
19854022.149	0.023
19870622.959	0.018
19889541.285	0.008
19908025.861	0.01
19925539.1155	0.011
19944868.894	0.007
19963027.536	0.005
19980590.173	0.008
19999232.0015	0.002
20018311.027	0.008
20036488.0095	0.003
20051868.8995	0.009
20068679.681	0.02
20084216.3375	0.019
20099167.608	0.007
20114218.0495	0.003
20130272.2025	0.007
20147621.3785	0.016
20162380.272	0.014
20178318.0795	0.01
20193679.1705	0.006
20208843.305	0.01
20224895.3655	0.009
20241714.2255	0.007
20258949.515	0.015
20281017.981	0.006
20306643.543	0.011
20325563.236	0.011
20345309.69	0.004
20364199.0875	0.011
20386430.8775	0.016
20414939.45	0.006
20432411.788	0.004
20450778.0995	0.008
20471263.8745	0.009
20495294.637	0.01
20515227.6495	0.004
20536773.86	0.01
20556989.521	0.006
20574828.2195	0.007
20596817.3345	0.004
20618070.985	0.01
20636935.9355	0.01
20657437.4665	0.008
20678754.3165	0.004
20698365.5895	0.006
20722133.196	0.005
20740312.9445	0.005
20761154.4065	0.007
20788863.2905	0.002
20810816.836	0.006
20830755.02	0.006
20849122.3835	0.006
20869799.7065	0.008
20893551.301	0.004
20917827.6165	0.004
20937159.021	0.006
20958000.522	0.009
20978600.9535	0.009
20996821.0125	0.009
21014011.2965	0.008
21035043.5295	0.004
21054132.546	0.002
21073081.813	0.004
21090221.8765	0.006
21106408.216	0.006
21121768.7635	0.007
21137850.9175	0.005
21152754.664	0.006
21167689.13	0.004
21182524.221	0.006
21197794.885	0.008
21215342.799	0.005
21233024.0185	0.002
21251269.226	0.003
21267793.0795	0.006
21282183.8325	0.004
21297254.2545	0.007
21312221.0035	0.005
21328284.9665	0.008
21346265.072	0.003
21362588.8975	0.002
21380301.726	0.005
21398704.4295	0.01
21415523.445	0.003
21433357.4275	0.006
21450994.4935	0.006
21470439.265	0.007
21491044.5525	0.002
21512684.4255	0.005
21530064.2575	0.004
21548018.69	0.002
21566182.267	0.003
21584724.992	0.003
21603806.2565	0.006
21620376.949	0.005
21636779.643	0.002
21653652.52	0.005
21668996.3255	0.004
21686769.058	0.008
21706978.4705	0.005
21727375.4345	0.004
21745121.542	0.007
21762375.057	0.004
21778857.65	0.005
21796746.172	0.004
21815241.8605	0.01
21837554.8715	0.013
21861037.497	0.007
21884027.6615	0.017
21903073.5595	0.006
21921363.413	0.007
21939652.0595	0.005
21961089.4165	0.004
21985392.7715	0.008
22007827.3	0.007
22027351.065	0.004
22051031.3555	0.005
22078011.725	0.005
22100060.1545	0.007
22124671.433	0.003
22145021.3625	0.011
22163263.095	0.002
22183234.0285	0.002
22203163.3505	0.002
22220419.118	0.002
22239229.0115	0.004
22258219.3595	0.001
22275992.253	0.006
22295792.877	0.001
22319355.386	0.0
22343474.438	0.001
22371077.4965	0.003
22391624.304	0.002
22412227.2555	0.004
22431139.5515	0.002
22453166.537	0.008
22474352.6065	0.006
22493461.411	0.004
22510726.785	0.007
22526566.8395	0.008
22542666.576	0.004
22558470.4105	0.005
22573321.984	0.002
22588842.6585	0.002
22604117.973	0.004
22619334.4755	0.004
22634809.653	0.002
22649342.201	0.004
22665253.113	0.006
22686493.812	0.005
22706495.555	0.007
22723316.719	0.007
22741018.8425	0.004
22756030.737	0.005
22770480.3455	0.002
22787617.286	0.004
22804755.869	0.008
22820946.573	0.004
22838531.69	0.005
22853875.4535	0.006
22869657.898	0.008
22885932.8915	0.004
22901667.617	0.005
22917432.7335	0.007
22931670.6455	0.007
22946123.7745	0.006
22961484.5215	0.006
22977710.2075	0.004
22995710.945	0.003
23014337.4315	0.009
23028704.2065	0.006
23042614.15	0.005
23057194.3835	0.008
23071845.6915	0.004
23087586.0565	0.004
23104503.764	0.004
23121878.753	0.002
23141188.8445	0.001
23157667.293	0.001
23174040.016	0.002
23193378.53	0.004
23211129.8275	0.003
23227299.7345	0.003
23241732.9645	0.003
23256534.6505	0.002
23272428.861	0.005
23292472.943	0.003
23317579.928	0.003
23333604.534	0.008
23352883.4065	0.004
23368864.5325	0.007
23383498.996	0.009
23398943.176	0.004
23415439.2915	0.008
23430631.9985	0.007
23445919.4495	0.007
23460714.6065	0.002
23475133.9855	0.008
23489515.66	0.007
23504805.553	0.009
23518280.889	0.009
23532394.4835	0.002
23546582.359	0.003
23560821.158	0.002
23575073.0155	0.002
23590221.089	0.002
23605227.4605	0.001
23619385.3	0.003
23634265.655	0.002
23650503.186	0.002
23668904.773	0.002
23686796.649	0.002
23702911.6185	0.002
23719220.4935	0.004
23734644.887	0.006
23750600.219	0.003
23769690.03	0.003
23790163.19	0.007
23806147.176	0.006
23821603.274	0.003
23840245.3795	0.011
23858375.5305	0.004
23874164.5805	0.006
23889269.511	0.005
23904506.1545	0.002
23918785.1155	0.002
23933415.382	0.001
23947052.251	0.001
23960652.1435	0.003
23973839.454	0.003
23987921.302	0.002
24002260.076	0.003
24016420.5285	0.002
24031013.021	0.001
24046197.4135	0.001
24061423.0235	0.002
24077274.7865	0.002
24091982.819	0.001
24107362.04	0.001
24121835.308	0.004
24136613.3585	0.002
24151136.297	0.005
24166792.329	0.002
24184469.4175	0.002
24201910.266	0.003
24218425.8055	0.004
24237745.059	0.001
24256206.4555	0.002
24271831.758	0.004
24290684.5065	0.005
24308301.104	0.004
24327736.1905	0.033
24344914.624	0.014
24360561.1475	0.009
24376671.816	0.011
24394082.928	0.004
24410669.5685	0.009
24426780.537	0.008
24442138.422	0.011
24457572.8325	0.009
24476021.466	0.015
24496336.412	0.009
24511967.7845	0.006
24527223.472	0.006
24541374.191	0.003
24557538.6505	0.011
24573450.7465	0.009
24588365.712	0.008
24604620.6825	0.008
24625580.0145	0.005
24640454.6195	0.011
24654204.607	0.008
24667103.2405	0.007
24680271.913	0.003
24693311.543	0.01
24707472.802	0.01
24721911.498	0.011
24737343.7855	0.009
24755364.461	0.006
24771984.6175	0.009
24787651.298	0.014
24802059.1205	0.011
24817243.1355	0.008
24832388.8195	0.011
24850371.6515	0.011
24870081.7255	0.004
24897418.655	0.006
24914367.288	0.008
24941194.3655	0.005
24959591.338	0.004
24977327.318	0.004
24993197.509	0.004
25008018.8025	0.004
25023117.9635	0.006
25038639.7415	0.008
25053530.9195	0.005
25068098.384	0.008
25086724.481	0.004
25109154.7775	0.002
25136830.267	0.006
25162148.3935	0.007
25185626.4745	0.004
25208442.6585	0.007
25228659.2765	0.008
25245675.4645	0.005
25264092.057	0.009
25284774.601	0.006
25305560.8835	0.004
25321285.448	0.006
25342148.335	0.009
25359346.132	0.01
25376562.4865	0.002
25391808.955	0.003
25408246.8735	0.003
25424038.231	0.002
25439134.5925	0.005
25455314.982	0.005
25472951.691	0.003
25490018.7645	0.003
25506291.179	0.003
25523320.435	0.002
25538329.097	0.002
25554117.887	0.002
25572333.304	0.003
25591150.3765	0.003
25612456.68	0.007
25631856.8615	0.007
25650100.518	0.005
25668665.9525	0.009
25684604.38	0.008
25699818.394	0.003
25716752.8925	0.005
25733728.0205	0.003
25748313.727	0.012
25765180.8845	0.006
25784389.536	0.005
25801813.3885	0.009
25817228.363	0.004
25834150.028	0.007
25851649.5525	0.003
25866400.3595	0.002
25881825.6375	0.001
25897062.1985	0.001
25910820.708	0.006
25929939.338	0.001
25945001.6645	0.0
25958804.4265	0.006
25975570.191	0.002
25992165.39	0.006
26009261.329	0.006
26026654.665	0.002
26044019.206	0.001
26067055.045	0.003
26083893.684	0.002
26102786.086	0.011
26120454.1905	0.004
26140938.3255	0.002
26157121.564	0.005
26174778.6815	0.002
26190446.5465	0.003
26204665.461	0.006
26220650.0025	0.004
26238699.3805	0.004
26256182.218	0.003
26272908.552	0.004
26290477.082	0.006
26311317.8105	0.006
26328274.3195	0.006
26349362.343	0.003
26374747.712	0.008
26400002.013	0.007
26417285.531	0.001
26434640.8435	0.002
26455276.3405	0.004
26473891.2505	0.004
26489890.3905	0.003
26506030.8035	0.002
26521135.392	0.001
26536066.1415	0.001
26552175.2535	0.0
26568872.123	0.006
26584108.3605	0.004
26599494.8155	0.002
26615604.7315	0.006
26630214.5415	0.003
26645760.008	0.002
26663590.365	0.001
26681787.221	0.002
26697287.6185	0.004
26712412.0205	0.002
26728589.797	0.002
26755143.4915	0.0
26795683.1525	0.041
26823316.321	0.056
26848275.1135	0.049
26868744.7775	0.059
26889067.9865	0.072
26908584.5905	0.087
26929046.901	0.081
26948508.54	0.068
26968329.9715	0.073
26987409.3365	0.071
27006428.317	0.072
27026817.504	0.061
27048101.963	0.077
27070437.3775	0.074
27089522.5625	0.055
27106408.2485	0.042
27123871.319	0.08
27142691.1685	0.066
27160947.7675	0.1
27180065.7195	0.046
27198109.819	0.103
27215175.3275	0.088
27233062.707	0.099
27252640.841	0.097
27272144.2585	0.125
27291767.8715	0.111
27314626.5225	0.023
27343410.5575	0.007
27371190.517	0.011
27390694.8805	0.011
27410313.8015	0.007
27431185.9615	0.006
27459228.5345	0.016
27487312.691	0.013
27513120.847	0.007
27535497.0535	0.017
27561522.377	0.012
27582516.3235	0.015
27608997.431	0.006
27636762.3225	0.108
27658712.92	0.102
27677729.857	0.1
27696593.6555	0.098
27715819.082	0.124
27735278.6215	0.121
27756426.5665	0.122
27777848.8235	0.0
27797926.438	0.101
27817949.481	0.204
27839940.799	0.189
27867758.0305	0.164
27893811.9895	0.098
27920338.183	0.002
27942636.2045	0.224
27969285.5315	0.236
27992612.666	0.243
28013809.4295	0.211
28034921.66	0.134
28057413.5135	0.137
28084949.0795	0.265
28111824.27	0.142
28151107.8395	0.33
28178122.2895	0.242
28202796.686	0.109
28229428.4845	0.164
28250599.216	0.336
28270159.956	0.346
28290080.728	0.407
28314780.118	0.372
28338009.878	0.162
28361567.546	0.455
28389703.1215	0.393
28414434.093	0.18
28439934.088	0.415
28466278.307	0.483
28495432.569	0.455
28523277.5675	0.518
28553214.462	0.41
28580316.4305	0.176
28611602.945	0.242
28633757.966	0.398
28657084.2335	0.184
28680964.686	0.186
28706454.2725	0.14
28732683.6475	0.141
28755865.5295	0.167
28779030.39	0.081
28801667.2545	0.113
28823352.795	0.113
28843191.8745	0.121
28863551.1305	0.085
28883161.5515	0.081
28904268.1295	0.096
28925775.585	0.023
28950111.248	0.098
28973155.576	0.103
28999244.2235	0.087
29021835.076	0.088
29044599.3125	0.077
29066882.164	0.059
29094683.013	0.078
29120934.083	0.093
29145393.303	0.084
29169376.7965	0.068
29191312.7245	0.073
29212983.2485	0.052
29235954.3925	0.061
29256484.0445	0.051
29276855.552	0.041
29298880.1445	0.036
29325424.602	0.05
29347355.973	0.064
29368145.939	0.062
29388623.368	0.059
29409206.074	0.067
29431452.326	0.032
29454160.864	0.048
29475002.454	0.062
29498664.5255	0.044
29521850.25	0.036
29544352.864	0.045
29564093.8745	0.046
29584602.7995	0.038
29606902.872	0.019
29640633.794	0.028
29664420.8885	0.028
29687433.3095	0.028
29711358.617	0.025
29732568.136	0.036
29753900.246	0.052
29772212.496	0.038
29792655.3185	0.004
29816532.347	0.036
29842142.7435	0.025
29862877.2785	0.033
29883660.7085	0.026
29904560.69	0.022
29925041.236	0.03
29945850.8595	0.019
29968302.5505	0.019
29995667.3995	0.018
30026764.3545	0.022
30054536.6975	0.003
30081694.2365	0.022
30101664.8605	0.015
30123649.085	0.023
30147395.234	0.013
30172004.2315	0.015
30195456.098	0.017
30217046.027	0.004
30238466.525	0.008
30262210.936	0.011
30283470.224	0.004
30302848.7235	0.009
30329173.6555	0.012
30347769.785	0.004
30369430.093	0.006
30389479.7565	0.012
30407259.76	0.006
30427024.2435	0.01
30445347.4795	0.003
30464206.5595	0.008
30485625.3885	0.01
30507016.048	0.006
30529792.099	0.01
30553728.4145	0.014
30575255.286	0.005
30595805.3045	0.005
30615548.9725	0.005
30633696.7685	0.004
30651346.118	0.004
30668736.3775	0.003
30685825.2105	0.005
30707280.6745	0.005
30727267.3365	0.004
30746713.312	0.002
30776303.231	0.001
30799189.4085	0.002
30825231.3425	0.005
30853322.811	0.001
30881375.527	0.003
30901009.613	0.006
30917008.387	0.006
30932952.1525	0.008
30954739.887	0.006
30977851.594	0.009
31021153.558	0.002
31066718.984	0.004
31090482.607	0.002
31113257.7935	0.004
31131253.4025	0.008
31149896.397	0.011
31172621.1485	0.007
31196060.054	0.006
31221098.105	0.006
31244105.885	0.003
31265460.2285	0.004
31287111.7115	0.007
31305716.459	0.006
31324735.929	0.01
31342777.5745	0.011
31361249.554	0.01
31381269.8235	0.003
31409151.3175	0.005
31433933.928	0.002
31462979.1775	0.004
31528630.495	0.001
31567317.6695	0.002
31595115.1705	0.003
31619433.9845	0.003
31646008.1265	0.004
31674343.3295	0.002
31695168.968	0.002
31710250.512	0.001
31724227.064	0.003
31739038.0505	0.004
31758555.053	0.002
31775629.5175	0.004
31791348.2805	0.004
31809426.7075	0.004
31829478.193	0.004
31851554.4725	0.003
31871505.102	0.003
31892492.6555	0.003
31910340.319	0.003
31939789.1735	0.005
31962661.271	0.002
31982915.6265	0.007
31999250.436	0.008
32016342.522	0.008
32036972.3495	0.007
32056662.309	0.008
32075053.265	0.011
32090221.2095	0.008
32107885.7575	0.004
32129675.366	0.001
32157598.8805	0.002
32193205.2995	0.002
32220449.7145	0.003
32248810.684	0.001
32270224.204	0.001
32288037.772	0.001
32318393.9885	0.003
32343486.3765	0.002
32363915.6925	0.001
32386022.7695	0.005
32410621.3815	0.005
32429860.43	0.004
32449080.861	0.005
32470098.029	0.002
32496023.6175	0.007
32521199.3115	0.002
32547455.7705	0.003
32575391.589	0.0
32611846.3195	0.003
32639723.7125	0.003
32667119.735	0.004
32695550.862	0.002
32725359.1145	0.001
32752214.37	0.001
32779224.8915	0.007
32803881.5	0.0
32829859.3375	0.002
32858979.0835	0.004
32883510.0785	0.002
32908445.3695	0.002
32948319.7285	0.005
32970082.8405	0.006
32987695.447	0.008
33007572.6405	0.004
33030458.216	0.002
33048652.7325	0.004
33071125.8535	0.004
33097688.299	0.004
33125113.325	0.007
33146941.471	0.005
33172368.4915	0.004
33200901.959	0.003
33236485.619	0.003
33265907.262	0.003
33283332.3365	0.007
33300918.491	0.006
33318861.992	0.001
33335967.684	0.004
33353879.885	0.004
33378719.582	0.002
33406752.745	0.006
33430783.0575	0.004
33449568.168	0.003
33468532.433	0.006
33487511.709	0.007
33509603.12	0.003
33537701.2005	0.002
33557991.8705	0.004
33581110.581	0.011
33603000.647	0.017
33622194.583	0.007
33649023.4945	0.005
33673991.1165	0.008
33694969.796	0.008
33713437.2485	0.004
33740120.2945	0.003
33777178.885	0.0
33813487.5785	0.012
33835952.3335	0.009
33858925.528	0.004
33879850.494	0.006
33898808.2595	0.008
33914605.7265	0.0
33931293.1855	0.006
33945360.228	0.009
33959154.152	0.008
33974112.5795	0.005
33991674.4435	0.006
34012091.095	0.006
34032046.425	0.007
34055886.5285	0.008
34075642.631	0.002
34091809.8085	0.005
34106137.7785	0.007
34120803.6945	0.009
34135527.282	0.006
34151600.5355	0.007
34167450.167	0.009
34183840.233	0.001
34199217.0985	0.003
34214247.034	0.006
34229465.2075	0.004
34244385.4985	0.001
34268332.2755	0.002
34285588.818	0.006
34299405.6535	0.005
34314481.3915	0.004
34335295.257	0.002
34349447.469	0.004
34364636.868	0.004
34386438.199	0.005
34405859.2065	0.005
34419897.5365	0.004
34435187.065	0.005
34449589.5455	0.005
34470541.3315	0.004
34490007.008	0.006
34508469.0395	0.008
34534399.1705	0.004
34571648.784	0.006
34591789.8295	0.008
34610008.2535	0.011
34635479.658	0.001
34660355.0195	0.006
34690920.132	0.004
34722096.856	0.004
34751436.045	0.008
34774262.7315	0.008
34796095.911	0.002
34847503.686	0.001
34873908.206	0.003
34901289.074	0.006
34922828.9765	0.01
34938902.1245	0.007
34954464.0695	0.006
34969856.7755	0.007
34986885.559	0.001
35003169.382	0.004
35018480.2915	0.003
35039324.153	0.002
35062801.8095	0.0
35084804.04	0.004
35105860.6975	0.001
35120310.756	0.003
35134823.213	0.001
35149758.563	0.001
35164371.361	0.002
35179919.5335	0.001
35199263.7365	0.002
35217439.8615	0.001
35235273.806	0.001
35251147.746	0.002
35267690.2975	0.003
35286277.366	0.002
35306308.3545	0.004
35325121.697	0.004
35357847.791	0.001
35390136.3925	0.001
35408570.0525	0.008
35425023.9485	0.014
35440438.891	0.012
35463612.809	0.006
35478806.4585	0.007
35493937.197	0.011
35509094.8345	0.011
35525581.9095	0.008
35542931.6235	0.0
35560743.1565	0.004
35577531.7615	0.004
35592769.6275	0.008
35608203.71	0.003
35625754.585	0.003
35642871.952	0.004
35672524.097	0.001
35692412.9005	0.003
35706485.928	0.003
35722199.0005	0.004
35741328.092	0.003
35760827.466	0.002
35780859.7325	0.003
35797836.4945	0.001
35820238.785	0.004
35844287.6495	0.001
35858891.3275	0.003
35874157.5165	0.002
35894032.85	0.005
35912187.447	0.003
35930663.8275	0.001
35950556.3315	0.001
35977467.8495	0.0
35997101.8035	0.002
36022031.902	0.001
36052134.0115	0.001
36069282.0325	0.003
36086069.0395	0.004
36103880.55	0.007
36123662.542	0.002
36151193.1225	0.001
36171110.5595	0.008
36189043.2245	0.005
36213780.5795	0.006
36257758.587	0.002
36283861.1375	0.003
36309373.7695	0.002
36340091.8775	0.003
36367916.7785	0.004
36391594.6865	0.005
36409802.3875	0.003
36427693.0365	0.002
36443564.876	0.006
36460622.635	0.002
36481528.5695	0.002
36500040.5155	0.001
36519336.341	0.002
36539932.5175	0.002
36561995.419	0.004
36582035.2655	0.001
36599267.655	0.002
36613897.694	0.002
36628865.123	0.003
36646978.0015	0.002
36663872.225	0.003
36682856.4535	0.006
36703094.1355	0.003
36718144.3105	0.003
36734829.7645	0.003
36753122.3485	0.002
36769736.7295	0.003
36805084.6335	0.001
36825007.849	0.004
36841836.9825	0.002
36864272.673	0.002
36888522.1505	0.004
36909016.485	0.003
36928651.0015	0.001
36947930.7185	0.003
36963926.444	0.004
36979882.3805	0.001
36995467.242	0.002
37033785.241	0.0
37058771.936	0.002
37074918.533	0.002
37092062.478	0.004
37116890.749	0.002
37138546.6025	0.005
37160869.452	0.002
37205398.6535	0.003
37246563.9555	0.003
37295322.938	0.001
37325405.451	0.006
37341968.1635	0.006
37358788.26	0.009
37379820.8685	0.0
37404284.9375	0.004
37433294.691	0.001
37465112.396	0.005
37503568.3415	0.004
37534173.263	0.004
37564698.9465	0.005
37588406.578	0.003
37625452.0685	0.001
37660488.844	0.001
37681737.8545	0.004
37705730.222	0.006
37728844.7115	0.009
37755076.2935	0.007
37806328.2445	0.001
37854565.318	0.003
37879345.1445	0.006
37911194.065	0.004
37936899.4585	0.004
37979658.758	0.006
38013520.901	0.005
38045311.162	0.002
38076931.682	0.001
38103195.267	0.005
38135305.2115	0.004
38159497.506	0.001
38184885.89	0.003
38205454.387	0.004
38226815.376	0.002
38257498.7045	0.004
38273415.5935	0.006
38287318.212	0.006
38309853.5	0.002
38327964.425	0.001
38350639.338	0.001
38366331.438	0.003
38380203.978	0.003
38395537.8455	0.002
38419700.079	0.001
38450493.82	0.004
38469304.388	0.004
38489778.3955	0.001
38517498.4045	0.001
38538768.0435	0.001
38560971.2845	0.003
38579216.0995	0.001
38596756.761	0.005
38624357.3405	0.002
38660127.5105	0.001
38681837.434	0.001
38706603.132	0.001
38724043.0015	0.001
38749970.896	0.002
38794880.9055	0.0
38821388.936	0.004
38836643.7445	0.005
38853523.2275	0.007
38894919.3845	0.006
38916257.3555	0.005
38935838.007	0.007
38951162.945	0.004
38970455.2485	0.006
38988089.817	0.005
39011142.186	0.002
39029656.038	0.002
39046657.154	0.006
39071445.1385	0.004
39101441.6985	0.003
39121390.6535	0.001
39143888.335	0.001
39163289.6135	0.004
39179229.7275	0.004
39198776.111	0.002
39219172.2025	0.003
39238503.146	0.005
39255191.73	0.002
39271552.641	0.004
39287958.292	0.004
39304509.7235	0.005
39320626.251	0.004
39338701.098	0.005
39358566.4465	0.003
39382795.556	0.004
39400564.9625	0.005
39423136.155	0.007
39449677.8995	0.005
39474721.127	0.004
39495309.679	0.006
39513652.404	0.002
39535071.551	0.007
39556055.9275	0.004
39574117.323	0.007
39591105.248	0.005
39610178.345	0.006
39631304.6565	0.002
39650867.596	0.003
39672936.4455	0.003
39689863.7	0.002
39704930.161	0.002
39721655.1005	0.001
39736996.396	0.004
39756556.702	0.007
39778060.037	0.006
39793069.4735	0.005
39807097.7075	0.002
39820626.868	0.004
39834743.629	0.002
39848392.9215	0.004
39864536.4605	0.001
39879320.212	0.002
39893442.8255	0.004
39907690.6545	0.002
39923763.2035	0.004
39944478.2475	0.002
39962140.59	0.001
39979771.4175	0.001
39996566.171	0.004
40013352.23	0.004
40031538.261	0.001
40051624.333	0.005
40068843.3255	0.002
40089563.475	0.004
40107834.762	0.003
40124403.388	0.002
40141516.2165	0.004
40157870.815	0.002
40175558.3305	0.003
40191506.0205	0.003
40207776.2905	0.007
40224176.587	0.008
40240264.661	0.004
40262456.559	0.005
40287570.489	0.003
40304232.8445	0.006
40321923.2105	0.008
40341395.496	0.008
40360791.563	0.002
40381112.7875	0.002
40402874.1205	0.006
40421880.6695	0.002
40441971.5145	0.008
40463851.717	0.002
40484642.186	0.002
40505971.7735	0.002
40527743.9965	0.004
40546355.2355	0.01
40570290.673	0.005
40593465.4255	0.005
40612108.209	0.004
40631721.85	0.003
40653184.92	0.007
40670110.848	0.006
40687768.8945	0.017
40705606.6005	0.013
40723366.7845	0.021
40740480.206	0.01
40762003.6675	0.004
40782096.561	0.024
40807111.1885	0.018
40827194.1525	0.031
40846985.057	0.017
40867848.7555	0.021
40911974.69	0.021
40948404.6365	0.013
40982195.966	0.019
40999201.244	0.024
41022829.339	0.012
41043074.3595	0.003
41077571.5115	0.002
41099895.88	0.001
41128195.9085	0.002
41150646.893	0.001
41172542.0125	0.003
41191172.4025	0.003
41215637.0255	0.002
41253410.4305	0.0
41271134.417	0.008
41292612.3445	0.008
41317383.3205	0.006
41349589.366	0.002
41390301.725	0.004
41415804.4485	0.002
41439798.7485	0.002
41464863.215	0.0
41486246.4685	0.001
41513170.3215	0.001
41565109.0435	0.001
41629946.504	0.0
41682349.409	0.002
41703145.6985	0.0
41721070.4055	0.001
41741546.4245	0.001
41773013.1935	0.003
41789984.4735	0.002
41805166.7065	0.002
41838750.0945	0.0
41862591.5455	0.005
41896252.349	0.003
41922740.904	0.001
41950010.6515	0.003
41967561.697	0.004
41982397.296	0.004
42001581.697	0.004
42024729.91	0.001
42051322.3255	0.001
42117645.728	0.001
42167701.997	0.004
42190910.822	0.002
42214718.6085	0.0
42236329.9465	0.0
42260736.5935	0.001
42285657.557	0.001
42311767.741	0.001
42348789.4105	0.002
42377250.7575	0.002
42423975.3885	0.004
42450810.454	0.004
42471971.8895	0.003
42490528.095	0.001
42515670.858	0.01
42536586.7795	0.006
42562505.371	0.007
42580852.842	0.01
42603673.432	0.004
42629411.1375	0.006
42652919.941	0.004
42673687.2385	0.003
42691427.737	0.004
42709545.12	0.009
42727544.669	0.008
42749461.904	0.005
42775183.644	0.007
42798123.436	0.004
42818681.4875	0.005
42837107.755	0.007
42853418.2375	0.006
42872017.7385	0.006
42890145.7345	0.007
42907679.5085	0.003
42924293.5935	0.004
42941829.5545	0.002
42958461.922	0.001
42974599.4485	0.003
42990577.303	0.004
43006057.9425	0.005
43024188.528	0.005
43046325.2195	0.003
43068365.016	0.003
43095313.413	0.002
43116932.014	0.002
43139018.0675	0.005
43163910.063	0.002
43186664.044	0.005
43209305.56	0.001
43232237.2265	0.011
43259454.189	0.002
43293514.742	0.008
43332092.474	0.002
43370757.4255	0.005
43411424.7905	0.002
43447295.0785	0.008
43471278.798	0.004
43496069.3965	0.004
43527820.692	0.007
43564573.9585	0.006
43608589.368	0.005
43639595.976	0.007
43679073.7205	0.002
43717642.9195	0.004
43747372.4455	0.006
43776897.126	0.003
43803693.1175	0.0
43830069.583	0.001
43850670.26	0.001
43867726.6975	0.002
43886052.327	0.001
43907156.769	0.0
43931084.717	0.0
43956197.759	0.003
43973190.331	0.001
43999193.5605	0.002
44028415.804	0.001
44048147.9515	0.004
44074137.7405	0.005
44097134.171	0.001
44114072.4595	0.003
44153299.867	0.0
44195017.942	0.002
44227091.197	0.002
44252604.454	0.004
44270457.045	0.003
44291053.1225	0.001
44320576.85	0.002
44344477.1945	0.003
44366283.892	0.002
44383967.716	0.001
44406836.8215	0.001
44429026.946	0.002
44446535.9665	0.001
44463142.1025	0.002
44479198.5335	0.002
44497813.558	0.002
44524088.543	0.005
44555180.0595	0.006
44583008.432	0.002
44602071.415	0.004
44620053.525	0.005
44641914.092	0.001
44675540.315	0.004
44698699.9085	0.004
44726945.7755	0.003
44753335.3885	0.009
44774725.6115	0.004
44794971.6795	0.004
44818689.0555	0.006
44838309.311	0.007
44857679.405	0.002
44877826.721	0.001
44901415.021	0.0
44930289.4615	0.004
44949566.072	0.006
44972343.28	0.006
44989350.4075	0.005
45005708.7275	0.007
45021985.563	0.006
45037827.8025	0.006
45055527.3425	0.007
45074675.435	0.004
45102664.6265	0.014
45126500.856	0.007
45155483.703	0.004
45183139.1005	0.005
45209620.353	0.011
45227288.647	0.007
45251325.9955	0.009
45289009.923	0.009
45314088.3305	0.0
45330336.6485	0.005
45349746.6765	0.003
45369539.368	0.006
45388507.5695	0.001
45405870.285	0.006
45422410.869	0.001
45443461.577	0.005
45467138.493	0.004
45504235.55	0.003
45543833.961	0.003
45570878.372	0.002
45605371.2745	0.002
45632537.3575	0.002
45651500.347	0.003
45667678.567	0.001
45691349.3895	0.004
45718455.067	0.003
45738785.6555	0.004
45758594.9375	0.003
45821945.528	0.0
46066496.554	0.0
46116719.3265	0.002
46135827.203	0.007
46154165.2895	0.005
46171465.668	0.005
46189089.719	0.005
46205864.4875	0.002
46222978.121	0.005
46242262.0075	0.003
46263334.469	0.002
46288422.252	0.006
46309999.7555	0.005
46328585.253	0.001
46350589.4385	0.004
46370449.8695	0.004
46390666.321	0.004
46412360.7195	0.003
46429325.3075	0.005
46450223.5295	0.0
46470980.6085	0.003
46490950.8455	0.002
46512926.4805	0.002
46534184.2205	0.002
46555195.042	0.006
46578007.368	0.002
46600897.1325	0.002
46624350.4395	0.005
46642960.7455	0.003
46661235.2975	0.002
46679298.3585	0.001
46696309.22	0.002
46715094.7	0.003
46732233.303	0.005
46749658.5335	0.002
46767424.3535	0.005
46784352.9725	0.006
46799763.782	0.006
46815217.9065	0.005
46833722.9875	0.002
46853638.721	0.002
46870080.162	0.004
46888400.709	0.005
46905349.095	0.005
46921597.259	0.001
46938721.2715	0.003
46958224.7015	0.004
46978573.6685	0.001
46998225.938	0.004
47018609.8795	0.004
47038570.1195	0.001
47062418.3635	0.002
47085757.152	0.004
47106219.5725	0.001
47127056.102	0.003
47145368.6955	0.005
47169404.8375	0.001
47189433.4285	0.004
47213727.3915	0.002
47235989.521	0.003
47255565.0245	0.002
47272578.524	0.004
47291788.108	0.003
47311492.36	0.005
47330733.318	0.004
47350372.343	0.002
47376327.0465	0.003
47401146.717	0.004
47423522.244	0.003
47442697.6325	0.005
47468321.2605	0.006
47488059.806	0.003
47507221.1565	0.001
47525978.7215	0.009
47546110.7935	0.008
47596110.2825	0.0
47625134.8315	0.0
47650318.356	0.001
47672814.5515	0.001
47698473.9625	0.004
47718434.861	0.005
47736933.7	0.003
47757216.8535	0.002
47777687.008	0.003
47796691.274	0.005
47819208.2395	0.002
47838518.7045	0.005
47857741.3185	0.002
47883178.851	0.005
47904353.7315	0.006
47926691.461	0.007
47944765.6195	0.009
47961605.1885	0.004
48009018.1845	0.0
48038277.348	0.002
48059397.3685	0.004
48078748.401	0.006
48096380.07	0.005
48122054.515	0.001
48146094.181	0.004
48163630.899	0.006
48185685.3475	0.001
48206993.0725	0.004
48224304.324	0.004
48243155.8905	0.005
48258532.788	0.003
48285528.1035	0.002
48309972.2535	0.004
48326986.1395	0.006
48345666.1515	0.003
48362939.8695	0.003
48382438.718	0.004
48399158.221	0.002
48416083.244	0.003
48435592.8165	0.006
48454865.714	0.003
48477181.086	0.002
48493181.187	0.005
48512489.2255	0.008
48529018.004	0.005
48545747.7395	0.004
48561924.1865	0.004
48577992.5635	0.004
48596025.0305	0.005
48611142.1985	0.004
48630388.007	0.004
48650564.8645	0.003
48674744.765	0.004
48693628.099	0.002
48710265.423	0.003
48727262.2165	0.006
48744870.9875	0.006
48762526.1355	0.001
48783820.2285	0.001
48828383.4415	0.002
48853112.5785	0.001
48875548.1025	0.004
48895606.592	0.004
48918895.6745	0.002
48939750.1775	0.004
48960925.2915	0.005
48977709.3275	0.004
49002154.0125	0.004
49028254.3065	0.002
49052452.683	0.004
49070885.1945	0.002
49095554.774	0.0
49114466.146	0.004
49132238.1405	0.003
49150972.4125	0.005
49169371.3085	0.005
49187645.629	0.004
49206684.8055	0.004
49226307.4275	0.004
49245796.1195	0.004
49268131.0445	0.005
49294772.1905	0.003
49315478.5655	0.006
49334199.8335	0.008
49352124.748	0.005
49369834.095	0.003
49393679.7305	0.006
49418279.928	0.006
49449950.361	0.009
49472188.3915	0.006
49491076.229	0.006
49511951.156	0.006
49534797.1315	0.007
49579502.3505	0.002
49627968.061	0.006
49648158.5795	0.005
49680545.305	0.004
49701238.0315	0.005
49720697.8285	0.0
49741094.8915	0.001
49762592.0385	0.006
49785153.8435	0.003
49810028.473	0.004
49834737.8695	0.004
49854440.978	0.004
49870365.915	0.005
49887623.653	0.009
49908486.874	0.008
49928214.0365	0.003
49961533.0105	0.006
49983650.524	0.007
50010776.4565	0.007
50027874.0165	0.004
50047157.3435	0.006
50066829.163	0.008
50088974.885	0.01
50110762.712	0.008
50132577.7345	0.006
50154057.163	0.003
50177753.1435	0.01
50199200.717	0.009
50219277.7025	0.008
50244411.86	0.007
50274226.424	0.016
50307006.0105	0.012
50346913.094	0.002
50382145.3325	0.009
50423594.8415	0.004
50461545.4525	0.002
50490426.8725	0.003
50512664.557	0.003
50552562.551	0.005
50576731.64	0.012
50607866.2295	0.015
50637454.2925	0.008
50665788.14	0.005
50699748.817	0.002
50727970.191	0.008
50754095.33	0.003
50786328.6395	0.005
50807199.6155	0.008
50829030.486	0.003
50850021.2245	0.002
50873045.065	0.001
50897932.34	0.002
50921711.701	0.002
50953014.5355	0.002
50979027.444	0.003
51003195.88	0.007
51029631.55	0.002
51069108.246	0.002
51088859.8125	0.005
51108930.5435	0.004
51128885.4335	0.004
51152806.017	0.004
51176673.7665	0.003
51198453.073	0.002
51222696.4555	0.004
51260160.7725	0.002
51289287.0635	0.008
51319162.204	0.004
51350004.246	0.004
51374882.6295	0.005
51404836.6495	0.002
51441837.552	0.002
51498915.0235	0.005
51530754.2605	0.004
51555085.72	0.004
51574007.219	0.004
51600088.086	0.003
51649203.262	0.004
51696333.823	0.003
51732010.3165	0.005
51763271.0855	0.002
51793328.454	0.001
51815064.0495	0.001
51838834.0255	0.004
51865541.824	0.004
51896949.7535	0.004
51935419.348	0.003
51966106.6505	0.005
51992993.1495	0.003
52016863.864	0.005
52037748.6675	0.006
52059047.8595	0.005
52087452.275	0.006
52110963.965	0.005
52134065.7745	0.004
52154907.754	0.009
52178399.167	0.001
52207640.8595	0.006
52234318.2275	0.002
52257575.0745	0.003
52281512.8855	0.008
52304137.723	0.007
52324681.5335	0.009
52344678.273	0.004
52375692.186	0.007
52427455.9805	0.001
52470021.4645	0.007
52504610.659	0.005
52527997.9445	0.004
52553684.689	0.004
52580121.9735	0.006
52605854.998	0.01
52631573.452	0.006
52654442.2575	0.002
52677738.044	0.004
52706367.37	0.008
52735216.392	0.006
52780239.6325	0.004
52837581.4305	0.001
52901477.6425	0.003
52930985.106	0.004
52953648.15	0.006
52980459.6575	0.004
53020110.3125	0.006
53060935.263	0.006
53084738.1735	0.008
53109310.6025	0.007
53138714.9135	0.002
53169978.1635	0.005
53192955.591	0.004
53215839.1285	0.004
53247573.625	0.006
53280244.7655	0.009
53306557.435	0.007
53344350.5485	0.008
53373767.1935	0.004
53401490.222	0.009
53423116.8025	0.01
53448258.9265	0.012
53478854.1515	0.007
53511106.974	0.009
53543091.562	0.009
53572685.3895	0.003
53629018.8105	0.005
53660191.1975	0.009
53687185.68	0.005
53713976.066	0.01
53737443.159	0.009
53763640.7245	0.009
53786501.3595	0.008
53856042.121	0.008
53905769.8005	0.007
53934959.107	0.005
53966159.0625	0.0
54008985.2295	0.007
54042569.8525	0.006
54080119.171	0.003
54118038.464	0.005
54177484.043	0.004
54232450.9765	0.006
54268442.72	0.008
54299294.1085	0.004
54365533.0525	0.004
54398468.2135	0.001
54434838.2535	0.004
54478162.744	0.008
54537815.6505	0.0
54634544.95	0.001
54684376.504	0.012
54719389.3165	0.009
54752637.921	0.006
54789626.1815	0.006
54822367.0665	0.007
54859287.215	0.004
54890944.887	0.009
54922661.063	0.008
54959724.0725	0.008
54998747.437	0.003
55048306.2705	0.005
55091440.9995	0.011
55130307.497	0.012
55163530.7965	0.008
55203549.6515	0.011
55247683.388	0.006
55280074.3725	0.006
55309046.6285	0.011
55339208.9215	0.008
55376405.713	0.008
55417043.1555	0.008
55456910.2445	0.006
55522670.5415	0.008
55584002.3035	0.002
55618245.945	0.006
55680537.9135	0.005
55731634.286	0.009
55765589.7	0.011
55802280.6195	0.014
55850694.6	0.005
55895049.354	0.002
55987921.651	0.002
56041433.4785	0.011
56092479.8205	0.003
56150727.2905	0.009
56197793.288	0.006
56233283.3645	0.014
56268200.6275	0.019
56309872.209	0.009
56352079.4735	0.011
56399857.3815	0.012
56448175.41	0.008
56488538.344	0.013
56526317.487	0.01
56562948.9155	0.008
56601020.7045	0.012
56651763.94	0.009
56703919.219	0.004
56748643.18	0.014
56804124.379	0.012
56856351.0395	0.009
56908593.598	0.014
56948580.0345	0.005
56987620.745	0.008
57026992.904	0.011
57074807.2815	0.005
57136937.0345	0.003
57197566.1885	0.007
57269056.059	0.002
57324386.823	0.004
57404233.9505	0.006
57460354.102	0.005
57506803.879	0.015
57548616.8605	0.003
57591660.223	0.006
57638061.7155	0.011
57692610.8225	0.008
57772947.7155	0.003
57849170.3085	0.007
57924032.717	0.006
58006818.1365	0.0
58082745.013	0.0
58156024.883	0.008
58206452.1615	0.008
58259620.6985	0.005
58313900.9165	0.001
58385601.963	0.002
58450220.4915	0.013
58503873.285	0.011
58562723.6355	0.005
58616005.4745	0.008
58673940.297	0.002
58746423.0915	0.005
58802442.9485	0.002
58880063.51	0.002
58941802.67	0.0
58998384.6555	0.002
59099001.7645	0.0
59190237.579	0.0
59265972.07	0.002
59322873.9465	0.008
59385006.384	0.001
59483042.823	0.001
59598083.824	0.0
59716604.944	0.002
59763227.555	0.005
59802903.3105	0.003
59842689.896	0.008
59883015.2905	0.006
59915536.7865	0.003
59958180.536	0.007
60000629.4435	0.0
60078883.6885	0.001
60133600.056	0.013
60168789.489	0.001
60204099.398	0.006
60241872.896	0.011
60288265.249	0.005
60322516.7945	0.003
60357074.4975	0.0
60407461.9455	0.003
60466632.4445	0.0
60655546.5865	0.0
60779611.085	0.0
60878115.332	0.0
61009276.9045	0.0
61113134.4	0.0
61238811.607	0.0
61355165.5305	0.0
