name	chromosome	startpoint	endpoint
2R:19368988	2R	19362465	19376457
2R:19709283	2R	19701137	19718163
2R:19865728	2R	19859546	19873709
2R:20325777	2R	20316806	20335615
2R:26914367	2R	26904965	26924763
2R:26935183	2R	26924798	26944521
2R:27029713	2R	27019778	27038922
2R:27071001	2R	27062234	27079873
2R:27087241	2R	27079932	27094288
2R:27101453	2R	27094289	27108850
2R:27116593	2R	27108883	27124790
2R:27134263	2R	27124804	27143937
2R:27187264	2R	27179488	27195375
2R:27202906	2R	27195385	27210616
2R:27218667	2R	27210625	27226838
2R:27252717	2R	27243814	27261453
2R:27385714	2R	27376764	27394480
2R:27867820	2R	27850986	27882781
2R:27971341	2R	27958452	27982899
2R:27994335	2R	27982964	28004171
2R:28037251	2R	28025777	28047960
2R:28061969	2R	28047994	28079423
2R:28128599	2R	28110142	28156090
2R:28200653	2R	28184745	28219328
2R:28232572	2R	28219334	28245021
2R:28335316	2R	28320696	28350605
2R:28366295	2R	28350668	28384716
2R:28439507	2R	28416418	28465767
2R:28616955	2R	28603644	28629528
